_u1.oktmo_code,_u1.osm_name,_u1.region_code
10605000,Àðõàðèíñêèé ðàéîí,AMU
10608000,Áåëîãîðñêèé ðàéîí,AMU
10611000,Áëàãîâåùåíñêèé ðàéîí,AMU
10615000,Áóðåéñêèé ðàéîí,AMU
10621000,Çàâèòèíñêèé ðàéîí,AMU
10625000,Çåéñêèé ðàéîí,AMU
10628000,Èâàíîâñêèé ðàéîí,AMU
10630000,Êîíñòàíòèíîâñêèé ðàéîí,AMU
10631000,Ìàãäàãà÷èíñêèé ðàéîí,AMU
10632000,Ìàçàíîâñêèé ðàéîí,AMU
10635000,Ìèõàéëîâñêèé ðàéîí,AMU
10638000,Îêòÿáðüñêèé ðàéîí,AMU
10640000,Ðîìíåíñêèé ðàéîí,AMU
10642000,Ñâîáîäíåíñêèé ðàéîí,AMU
10645000,Ñåëåìäæèíñêèé ðàéîí,AMU
10647000,Ñåðûøåâñêèé ðàéîí,AMU
10649000,Ñêîâîðîäèíñêèé ðàéîí,AMU
10651000,Òàìáîâñêèé ðàéîí,AMU
10654000,Òûíäèíñêèé ðàéîí,AMU
10655000,Øèìàíîâñêèé ðàéîí,AMU
10701000,Áëàãîâåùåíñê,AMU
10710000,Áåëîãîðñê,AMU
10712000,Çåÿ,AMU
10720000,Ðàé÷èõèíñê,AMU
10730000,Ñâîáîäíûé,AMU
10732000,Òûíäà,AMU
10740000,Øèìàíîâñê,AMU
10770000,Óãëåãîðñê (ÇÀÒÎ),AMU
10775000,Ïðîãðåññ,AMU
11605000,Âåëüñêèé ðàéîí,ARH
11608000,Âåðõíåòîåìñêèé ðàéîí,ARH
11611000,Âèëåãîäñêèé ðàéîí,ARH
11614000,Âèíîãðàäîâñêèé ðàéîí,ARH
11618000,Êàðãîïîëüñêèé ðàéîí,ARH
11622000,Êîíîøñêèé ðàéîí,ARH
11627000,Êîòëàññêèé ðàéîí,ARH
11630000,Êðàñíîáîðñêèé ðàéîí,ARH
11635000,Ëåíñêèé ðàéîí,ARH
11638000,Ëåøóêîíñêèé ðàéîí,ARH
11642000,Ìåçåíñêèé ðàéîí,ARH
11644000,Íÿíäîìñêèé ðàéîí,ARH
11646000,Îíåæñêèé ðàéîí,ARH
11648000,Ïèíåæñêèé ðàéîí,ARH
11650000,Ïëåñåöêèé ðàéîí,ARH
11652000,Ïðèìîðñêèé ðàéîí,ARH
11654000,Óñòüÿíñêèé ðàéîí,ARH
11656000,Õîëìîãîðñêèé ðàéîí,ARH
11658000,Øåíêóðñêèé ðàéîí,ARH
11701000,Àðõàíãåëüñê,ARH
11708000,Êîðÿæìà,ARH
11710000,Êîòëàñ,ARH
11712000,Íîâàÿ Çåìëÿ,ARH
11715000,Íîâîäâèíñê,ARH
11725000,Ìèðíûé,ARH
11730000,Ñåâåðîäâèíñê,ARH
11811000,Çàïîëÿðíûé ðàéîí,NEN
11851000,Íàðüÿí-Ìàð,NEN
12605000,Àõòóáèíñêèé ðàéîí,AST
12610000,Âîëîäàðñêèé ðàéîí,AST
12615000,Åíîòàåâñêèé ðàéîí,AST
12620000,Èêðÿíèíñêèé ðàéîí,AST
12625000,Êàìûçÿêñêèé ðàéîí,AST
12630000,Êðàñíîÿðñêèé ðàéîí,AST
12635000,Ëèìàíñêèé ðàéîí,AST
12640000,Íàðèìàíîâñêèé ðàéîí,AST
12642000,Ïðèâîëæñêèé ðàéîí,AST
12645000,Õàðàáàëèíñêèé ðàéîí,AST
12650000,×åðíîÿðñêèé ðàéîí,AST
12701000,ãîðîäñêîé îêðóã Àñòðàõàíü,AST
12719000,ÇÀÒÎ ãîðîä Çíàìåíñê,AST
14605000,Àëåêñååâñêèé ðàéîí,BEL
14610000,Áåëãîðîäñêèé ðàéîí,BEL
14615000,Áîðèñîâñêèé ðàéîí,BEL
14620000,Âàëóéñêèé ðàéîí,BEL
14625000,Âåéäåëåâñêèé ðàéîí,BEL
14630000,Âîëîêîíîâñêèé ðàéîí,BEL
14632000,Ãðàéâîðîíñêèé ðàéîí,BEL
14638000,Èâíÿíñêèé ðàéîí,BEL
14640000,Êîðî÷àíñêèé ðàéîí,BEL
14641000,Êðàñíåíñêèé ðàéîí,BEL
14642000,Êðàñíîãâàðäåéñêèé ðàéîí,BEL
14643000,Êðàñíîÿðóæñêèé ðàéîí,BEL
14644000,Íîâîîñêîëüñêèé ðàéîí,BEL
14646000,Ïðîõîðîâñêèé ðàéîí,BEL
14648000,Ðàêèòÿíñêèé ðàéîí,BEL
14650000,Ðîâåíüñêîé ðàéîí,BEL
14654000,×åðíÿíñêèé ðàéîí,BEL
14656000,Øåáåêèíñêèé ðàéîí,BEL
14658000,ßêîâëåâñêèé ðàéîí,BEL
14701000,ãîðîäñêîé îêðóã Áåëãîðîä,BEL
14730000,Ãóáêèíñêèé ãîðîäñêîé îêðóã,BEL
14740000,Ñòàðîîñêîëüñêèé ãîðîäñêîé îêðóã,BEL
15604000,Áðàñîâñêèé ðàéîí,BRY
15608000,Áðÿíñêèé ðàéîí,BRY
15610000,Âûãîíè÷ñêèé ðàéîí,BRY
15611000,Ãîðäååâñêèé ðàéîí,BRY
15612000,Äóáðîâñêèé ðàéîí,BRY
15616000,Äÿòüêîâñêèé ðàéîí,BRY
15620000,Æèðÿòèíñêèé ðàéîí,BRY
15622000,Æóêîâñêèé ðàéîí,BRY
15623000,Çëûíêîâñêèé ðàéîí,BRY
15624000,Êàðà÷åâñêèé ðàéîí,BRY
15626000,Êëåòíÿíñêèé ðàéîí,BRY
15628000,Êëèìîâñêèé ðàéîí,BRY
15630000,Êëèíöîâñêèé ðàéîí,BRY
15632000,Êîìàðè÷ñêèé ðàéîí,BRY
15634000,Êðàñíîãîðñêèé ðàéîí,BRY
15636000,Ìãëèíñêèé ðàéîí,BRY
15638000,Íàâëèíñêèé ðàéîí,BRY
15640000,Íîâîçûáêîâñêèé ðàéîí,BRY
15642000,Ïîãàðñêèé ðàéîí,BRY
15644000,Ïî÷åïñêèé ðàéîí,BRY
15646000,Ðîãíåäèíñêèé ðàéîí,BRY
15648000,Ñåâñêèé ðàéîí,BRY
15650000,Ñòàðîäóáñêèé ðàéîí,BRY
15652000,Ñóçåìñêèé ðàéîí,BRY
15654000,Ñóðàæñêèé ðàéîí,BRY
15656000,Òðóá÷åâñêèé ðàéîí,BRY
15658000,Óíå÷ñêèé ðàéîí,BRY
15701000,Áðÿíñê,BRY
15710000,Ôîêèíî,BRY
15715000,Êëèíöû,BRY
15720000,Íîâîçûáêîâ,BRY
15725000,Ñåëüöî,BRY
15728000,Êëèìîâî,BRY
15750000,ãîðîäñêîé îêðóã Ñòàðîäóá,BRY
1601000,Àëåéñêèé ðàéîí,ALT
1602000,Àëòàéñêèé ðàéîí,ALT
1603000,Áàåâñêèé ðàéîí,ALT
1604000,Áèéñêèé ðàéîí,ALT
1605000,Áëàãîâåùåíñêèé ðàéîí,ALT
1606000,Áóðëèíñêèé ðàéîí,ALT
1607000,Áûñòðîèñòîêñêèé ðàéîí,ALT
1608000,Âîë÷èõèíñêèé ðàéîí,ALT
1609000,Åãîðüåâñêèé ðàéîí,ALT
1610000,Åëüöîâñêèé ðàéîí,ALT
1611000,Çàâüÿëîâñêèé ðàéîí,ALT
1612000,Çàëåñîâñêèé ðàéîí,ALT
1613000,Çàðèíñêèé ðàéîí,ALT
1614000,Çìåèíîãîðñêèé ðàéîí,ALT
1615000,Êàëìàíñêèé ðàéîí,ALT
1616000,Êàìåíñêèé ðàéîí,ALT
1617000,Êëþ÷åâñêèé ðàéîí,ALT
1618000,Êîñèõèíñêèé ðàéîí,ALT
1619000,Êðàñíîãîðñêèé ðàéîí,ALT
1620000,Êðàñíîùåêîâñêèé ðàéîí,ALT
1621000,Êðóòèõèíñêèé ðàéîí,ALT
1622000,Êóëóíäèíñêèé ðàéîí,ALT
1623000,Êóðüèíñêèé ðàéîí,ALT
1624000,Êûòìàíîâñêèé ðàéîí,ALT
1625000,Ëîêòåâñêèé ðàéîí,ALT
1626000,Ìàìîíòîâñêèé ðàéîí,ALT
1627000,Ìèõàéëîâñêèé ðàéîí,ALT
1628000,Íîâè÷èõèíñêèé ðàéîí,ALT
1629000,Çîíàëüíûé ðàéîí,ALT
1630000,Ïàâëîâñêèé ðàéîí,ALT
1631000,Ïàíêðóøèõèíñêèé ðàéîí,ALT
1632000,Ïåðâîìàéñêèé ðàéîí,ALT
1633000,Ïåòðîïàâëîâñêèé ðàéîí,ALT
1634000,Ïîñïåëèõèíñêèé ðàéîí,ALT
1635000,Ðåáðèõèíñêèé ðàéîí,ALT
1636000,Ðîäèíñêèé ðàéîí,ALT
1637000,Ðîìàíîâñêèé ðàéîí,ALT
1638000,Ðóáöîâñêèé ðàéîí,ALT
1639000,Ñëàâãîðîäñêèé ðàéîí,ALT
1640000,Ñìîëåíñêèé ðàéîí,ALT
1641000,Ñóåòñêèé ðàéîí,ALT
1642000,Ñîâåòñêèé ðàéîí,ALT
1643000,Ñîëîíåøåíñêèé ðàéîí,ALT
1644000,Ñîëòîíñêèé ðàéîí,ALT
1645000,Øåëàáîëèõèíñêèé ðàéîí,ALT
1646000,Òàáóíñêèé ðàéîí,ALT
1647000,Òàëüìåíñêèé ðàéîí,ALT
1648000,Òîãóëüñêèé ðàéîí,ALT
1649000,Òîï÷èõèíñêèé ðàéîí,ALT
1650000,Òðåòüÿêîâñêèé ðàéîí,ALT
1651000,Òðîèöêèé ðàéîí,ALT
1652000,Òþìåíöåâñêèé ðàéîí,ALT
1653000,Óãëîâñêèé ðàéîí,ALT
1654000,Óñòü-Êàëìàíñêèé ðàéîí,ALT
1655000,Óñòü-Ïðèñòàíñêèé ðàéîí,ALT
1656000,Õàáàðñêèé ðàéîí,ALT
1657000,Öåëèííûé ðàéîí,ALT
1658000,×àðûøñêèé ðàéîí,ALT
1659000,Øèïóíîâñêèé ðàéîí,ALT
1660000,Íåìåöêèé íàöèîíàëüíûé ðàéîí,ALT
1701000,Áàðíàóë,ALT
1703000,Àëåéñê,ALT
1704000,Áåëîêóðèõà,ALT
1705000,Áèéñê,ALT
1706000,Çàðèíñê,ALT
1710000,Êàìåíü-íà-Îáè,ALT
1713000,Íîâîàëòàéñê,ALT
1716000,Ðóáöîâñê,ALT
1719000,Ñëàâãîðîä,ALT
1730000,ßðîâîå,ALT
1755000,Ñèáèðñêèé,ALT
17605000,Àëåêñàíäðîâñêèé ðàéîí,VLA
17610000,Âÿçíèêîâñêèé ðàéîí,VLA
17615000,Ãîðîõîâåöêèé ðàéîí,VLA
17620000,Ãóñü-Õðóñòàëüíûé ðàéîí,VLA
17625000,Êàìåøêîâñêèé ðàéîí,VLA
17630000,Êèðæà÷ñêèé ðàéîí,VLA
17635000,Êîâðîâñêèé ðàéîí,VLA
17640000,Êîëü÷óãèíñêèé ðàéîí,VLA
17642000,Ìåëåíêîâñêèé ðàéîí,VLA
17644000,Ìóðîìñêèé ðàéîí,VLA
17646000,Ïåòóøèíñêèé ðàéîí,VLA
17648000,Ñåëèâàíîâñêèé ðàéîí,VLA
17650000,Ñîáèíñêèé ðàéîí,VLA
17652000,Ñóäîãîäñêèé ðàéîí,VLA
17654000,Ñóçäàëüñêèé ðàéîí,VLA
17656000,Þðüåâ-Ïîëüñêèé ðàéîí,VLA
17701000,Âëàäèìèð,VLA
17720000,Ãîðîäñêîé îêðóã Ãóñü-Õðóñòàëüíûé,VLA
17725000,Êîâðîâ,VLA
17735000,Ìóðîì,VLA
17737000,Ðàäóæíûé,VLA
18602000,Àëåêñååâñêèé ðàéîí,VOL
18604000,Áûêîâñêèé ðàéîí,VOL
18605000,Ãîðîäèùåíñêèé ðàéîí,VOL
18606000,Äàíèëîâñêèé ðàéîí,VOL
18608000,Äóáîâñêèé ðàéîí,VOL
18610000,Åëàíñêèé ðàéîí,VOL
18612000,Æèðíîâñêèé ðàéîí,VOL
18614000,Èëîâëèíñêèé ðàéîí,VOL
18616000,Êàëà÷åâñêèé ðàéîí,VOL
18618000,Êàìûøèíñêèé ðàéîí,VOL
18620000,Êèêâèäçåíñêèé ðàéîí,VOL
18622000,Êëåòñêèé ðàéîí,VOL
18624000,Êîòåëüíèêîâñêèé ðàéîí,VOL
18626000,Êîòîâñêèé ðàéîí,VOL
18630000,Ëåíèíñêèé ðàéîí,VOL
18632000,Ìèõàéëîâñêèé ðàéîí,VOL
18634000,Íåõàåâñêèé ðàéîí,VOL
18636000,Íèêîëàåâñêèé ðàéîí,VOL
18638000,Íîâîàííèíñêèé ðàéîí,VOL
18640000,Íîâîíèêîëàåâñêèé ðàéîí,VOL
18642000,Îêòÿáðüñêèé ðàéîí,VOL
18643000,Îëüõîâñêèé ðàéîí,VOL
18645000,Ïàëëàñîâñêèé ðàéîí,VOL
18646000,Êóìûëæåíñêèé  ðàéîí,VOL
18647000,Ðóäíÿíñêèé ðàéîí,VOL
18649000,Ñâåòëîÿðñêèé ðàéîí,VOL
18650000,Ñåðàôèìîâè÷ñêèé ðàéîí,VOL
18651000,Ñðåäíåàõòóáèíñêèé ðàéîí,VOL
18652000,Ñòàðîïîëòàâñêèé ðàéîí,VOL
18653000,Ñóðîâèêèíñêèé ðàéîí,VOL
18654000,Óðþïèíñêèé ðàéîí,VOL
18656000,Ôðîëîâñêèé ðàéîí,VOL
18658000,×åðíûøêîâñêèé ðàéîí,VOL
18701000,Âîëãîãðàä,VOL
18710000,Âîëæñêèé,VOL
18715000,Êàìûøèí,VOL
18720000,Ìèõàéëîâêà,VOL
18725000,Óðþïèíñê,VOL
18728000,Ôðîëîâî,VOL
19605000,Áàáàåâñêèé ðàéîí,VLG
19608000,Áàáóøêèíñêèé ðàéîí,VLG
19610000,Áåëîçåðñêèé ðàéîí,VLG
19612000,Âàøêèíñêèé ðàéîí,VLG
19614000,Âåëèêîóñòþãñêèé ðàéîí,VLG
19616000,Âåðõîâàæñêèé ðàéîí,VLG
19618000,Âîæåãîäñêèé ðàéîí,VLG
19620000,Âîëîãîäñêèé ðàéîí,VLG
19622000,Âûòåãîðñêèé ðàéîí,VLG
19624000,Ãðÿçîâåöêèé ðàéîí,VLG
19626000,Êàäóéñêèé ðàéîí,VLG
19628000,Êèðèëëîâñêèé ðàéîí,VLG
19630000,Êè÷ìåíãñêî-Ãîðîäåöêèé ðàéîí,VLG
19632000,Ìåæäóðå÷åíñêèé ðàéîí,VLG
19634000,Íèêîëüñêèé ðàéîí,VLG
19636000,Íþêñåíñêèé ðàéîí,VLG
19638000,Ñîêîëüñêèé ðàéîí,VLG
19640000,Ñÿìæåíñêèé ðàéîí,VLG
19642000,Òàðíîãñêèé ðàéîí,VLG
19646000,Òîòåìñêèé ðàéîí,VLG
19648000,Óñòü-Êóáèíñêèé ðàéîí,VLG
19650000,Óñòþæåíñêèé ðàéîí,VLG
19652000,Õàðîâñêèé ðàéîí,VLG
19654000,×àãîäîùåíñêèé ðàéîí,VLG
19656000,×åðåïîâåöêèé ðàéîí,VLG
19658000,Øåêñíèíñêèé ðàéîí,VLG
19701000,Ãîðîä Âîëîãäà,VLG
19730000,×åðåïîâåö,VLG
20602000,Àííèíñêèé ðàéîí,VRN
20604000,Áîáðîâñêèé ðàéîí,VRN
20605000,Áîãó÷àðñêèé ðàéîí,VRN
20608000,Áóòóðëèíîâñêèé ðàéîí,VRN
20610000,Âåðõíåìàìîíñêèé ðàéîí,VRN
20611000,Âåðõíåõàâñêèé ðàéîí,VRN
20612000,Âîðîáü¸âñêèé ðàéîí,VRN
20613000,Ãðèáàíîâñêèé ðàéîí,VRN
20615000,Êàëà÷ååâñêèé ðàéîí,VRN
20617000,Êàìåíñêèé ðàéîí,VRN
20619000,Êàíòåìèðîâñêèé ðàéîí,VRN
20620000,Êàøèðñêèé ðàéîí,VRN
20621000,Ëèñêèíñêèé ðàéîí,VRN
20623000,Íèæíåäåâèöêèé ðàéîí,VRN
20625000,Íîâîóñìàíñêèé ðàéîí,VRN
20627000,Íîâîõîïåðñêèé ðàéîí,VRN
20629000,Îëüõîâàòñêèé ðàéîí,VRN
20631000,Îñòðîãîæñêèé ðàéîí,VRN
20633000,Ïàâëîâñêèé ðàéîí,VRN
20635000,Ïàíèíñêèé ðàéîí,VRN
20637000,Ïåòðîïàâëîâñêèé ðàéîí,VRN
20639000,Ïîâîðèíñêèé ðàéîí,VRN
20641000,Ïîäãîðåíñêèé ðàéîí,VRN
20643000,Ðàìîíñêèé ðàéîí,VRN
20645000,Ðåïü¸âñêèé ðàéîí,VRN
20647000,Ðîññîøàíñêèé ðàéîí,VRN
20649000,Ñåìèëóêñêèé ðàéîí,VRN
20651000,Òàëîâñêèé ðàéîí,VRN
20654000,Òåðíîâñêèé ðàéîí,VRN
20656000,Õîõîëüñêèé ðàéîí,VRN
20658000,Ýðòèëüñêèé ðàéîí,VRN
20701000,Âîðîíåæ,VRN
20710000,Áîðèñîãëåáñêèé ãîðîäñêîé îêðóã,VRN
20727000,Íîâîâîðîíåæ,VRN
22602000,Àðäàòîâñêèé ðàéîí,NNG
22603000,Àðçàìàññêèé ðàéîí,NNG
22605000,Áàëàõíèíñêèé ðàéîí,NNG
22607000,Áîãîðîäñêèé ðàéîí,NNG
22609000,Áîëüøåáîëäèíñêèé ðàéîí,NNG
22610000,Áîëüøåìóðàøêèíñêèé ðàéîí,NNG
22611000,Ãîðîä Áîð,NNG
22612000,Áóòóðëèíñêèé ðàéîí,NNG
22614000,Âàäñêèé ðàéîí,NNG
22615000,Âàðíàâèíñêèé ðàéîí,NNG
22617000,Âà÷ñêèé ðàéîí,NNG
22618000,Âåòëóæñêèé ðàéîí,NNG
22619000,Âîçíåñåíñêèé ðàéîí,NNG
22621000,Âîðîòûíñêèé ðàéîí,NNG
22622000,Âîñêðåñåíñêèé ðàéîí,NNG
22624000,Ãîðîä Âûêñà,NNG
22626000,Ãàãèíñêèé ðàéîí,NNG
22628000,Ãîðîäåöêèé ðàéîí,NNG
22630000,Äàëüíåêîíñòàíòèíîâñêèé ðàéîí,NNG
22631000,Âîëîäàðñêèé ðàéîí,NNG
22632000,Äèâååâñêèé ðàéîí,NNG
22633000,Êíÿãèíèíñêèé ðàéîí,NNG
22634000,Êîâåðíèíñêèé ðàéîí,NNG
22635000,Êðàñíîáàêîâñêèé ðàéîí,NNG
22636000,Êðàñíîîêòÿáðüñêèé ðàéîí,NNG
22637000,Êñòîâñêèé ðàéîí,NNG
22638000,Êóëåáàêñêèé ðàéîí,NNG
22639000,Ëóêîÿíîâñêèé ðàéîí,NNG
22640000,Ëûñêîâñêèé ðàéîí,NNG
22641000,Íàâàøèíñêèé ðàéîí,NNG
22642000,Ïàâëîâñêèé ðàéîí,NNG
22643000,Ïåðâîìàéñêèé ðàéîí,NNG
22644000,Ïåðåâîçñêèé ðàéîí,NNG
22645000,Ïèëüíèíñêèé ðàéîí,NNG
22646000,Ïî÷èíêîâñêèé ðàéîí,NNG
22647000,Ñåì¸íîâñêèé ãîðîäñêîé îêðóã,NNG
22648000,Ñåðãà÷ñêèé ðàéîí,NNG
22649000,Ñå÷åíîâñêèé ðàéîí,NNG
22650000,Ñîñíîâñêèé ðàéîí,NNG
22651000,Ñïàññêèé ðàéîí,NNG
22652000,Òîíêèíñêèé ðàéîí,NNG
22653000,Òîíøàåâñêèé ðàéîí,NNG
22654000,Óðåíñêèé ðàéîí,NNG
22655000,×êàëîâñêèé ðàéîí,NNG
22656000,Øàðàíãñêèé ðàéîí,NNG
22657000,Øàòêîâñêèé ðàéîí,NNG
22658000,Ãîðîä Øàõóíüÿ,NNG
22659000,Ñîêîëüñêèé ðàéîí,NNG
22701000,Ãîðîä Íèæíèé Íîâãîðîä,NNG
22703000,Ãîðîä Àðçàìàñ,NNG
22721000,Ãîðîä Äçåðæèíñê,NNG
24601000,Âè÷óãñêèé ðàéîí,IVA
24602000,Âåðõíåëàíäåõîâñêèé ðàéîí,IVA
24603000,Ãàâðèëîâî-Ïîñàäñêèé ðàéîí,IVA
24605000,Çàâîëæñêèé ðàéîí,IVA
24607000,Èâàíîâñêèé ðàéîí,IVA
24609000,Èëüèíñêèé ðàéîí,IVA
24611000,Êèíåøåìñêèé ðàéîí,IVA
24613000,Êîìñîìîëüñêèé ðàéîí,IVA
24614000,Ëåæíåâñêèé ðàéîí,IVA
24615000,Ëóõñêèé ðàéîí,IVA
24617000,Ïàëåõñêèé ðàéîí,IVA
24619000,Ïåñòÿêîâñêèé ðàéîí,IVA
24620000,Ïðèâîëæñêèé ðàéîí,IVA
24621000,Ïó÷åæñêèé ðàéîí,IVA
24623000,Ðîäíèêîâñêèé ðàéîí,IVA
24625000,Ñàâèíñêèé ðàéîí,IVA
24629000,Òåéêîâñêèé ðàéîí,IVA
24631000,Ôóðìàíîâñêèé ðàéîí,IVA
24633000,Øóéñêèé ðàéîí,IVA
24635000,Þæñêèé ðàéîí,IVA
24637000,Þðüåâåöêèé ðàéîí,IVA
24701000,Èâàíîâî,IVA
24703000,Âè÷óãà,IVA
24705000,Êèíåøìà,IVA
24706000,Êîõìà,IVA
24707000,Òåéêîâî,IVA
24711000,Øóÿ,IVA
25601000,Áàëàãàíñêèé ðàéîí,IRK
25602000,Áîäàéáèíñêèé ðàéîí,IRK
25603000,Àíãàðñêèé ðàéîí,IRK
25604000,Áðàòñêèé ðàéîí,IRK
25606000,Æèãàëîâñêèé ðàéîí,IRK
25608000,Çàëàðèíñêèé ðàéîí,IRK
25610000,Çèìèíñêèé ðàéîí,IRK
25612000,Èðêóòñêèé ðàéîí,IRK
25614000,Êàçà÷èíñêî-Ëåíñêèé ðàéîí,IRK
25616000,Êàòàíãñêèé ðàéîí,IRK
25618000,Êà÷óãñêèé ðàéîí,IRK
25620000,Êèðåíñêèé ðàéîí,IRK
25622000,Êóéòóíñêèé ðàéîí,IRK
25624000,Ìàìñêî-×óéñêèé ðàéîí,IRK
25626000,Íèæíåèëèìñêèé ðàéîí,IRK
25628000,Íèæíåóäèíñêèé ðàéîí,IRK
25630000,Îëüõîíñêèé ðàéîí,IRK
25634000,Ñëþäÿíñêèé ðàéîí,IRK
25636000,Òàéøåòñêèé ðàéîí,IRK
25638000,Òóëóíñêèé ðàéîí,IRK
25640000,Óñîëüñêèé ðàéîí,IRK
25642000,Óñòü-Èëèìñêèé ðàéîí,IRK
25644000,Óñòü-Êóòñêèé ðàéîí,IRK
25646000,Óñòü-Óäèíñêèé ðàéîí,IRK
25648000,×åðåìõîâñêèé ðàéîí,IRK
25650000,×óíñêèé ðàéîí,IRK
25655000,Øåëåõîâñêèé ðàéîí,IRK
25701000,Èðêóòñê,IRK
25714000,Áðàòñê,IRK
25720000,Çèìà,IRK
25726000,Ñàÿíñê,IRK
25732000,Òóëóí,IRK
25736000,Óñîëüå Ñèáèðñêîå,IRK
25738000,Óñòü-Èëèìñê,IRK
25745000,×åðåìõîâî,IRK
25746000,Ñâèðñê,IRK
25823000,Àëàðñêèé ðàéîí,IRK
25825000,Áàÿíäàåâñêèé ðàéîí,IRK
25826000,Áîõàíñêèé ðàéîí,IRK
25832000,Íóêóòñêèé ðàéîí,IRK
25833000,Îñèíñêèé ðàéîí,IRK
25837000,Ýõèðèò-Áóëàãàòñêèé ðàéîí,IRK
27606000,Ãâàðäåéñêèé ðàéîí,KGD
27615000,Çåëåíîãðàäñêèé ðàéîí,KGD
27633000,Ïðàâäèíñêèé ðàéîí,KGD
27701000,Êàëèíèíãðàä,KGD
27703000,Áàãðàòèîíîâñêèé ðàéîí,KGD
27705000,Áàëòèéñêèé ðàéîí,KGD
27707000,Ãóðüåâñêèé ðàéîí,KGD
27709000,Ãóñåâñêèé ðàéîí,KGD
27710000,Êðàñíîçíàìåíñêèé ðàéîí,KGD
27711000,Ëàäóøêèíñêèé ãîðîäñêîé îêðóã,KGD
27712000,Ìàìîíîâñêèé ãîðîäñêîé îêðóã,KGD
27714000,Íåìàíñêèé ðàéîí,KGD
27715000,Íåñòåðîâñêèé ðàéîí,KGD
27716000,Îç¸ðñêèé ðàéîí,KGD
27717000,Ïèîíåðñêèé ãîðîäñêîé îêðóã,KGD
27718000,Ïîëåññêèé ðàéîí,KGD
27720000,Ñâåòëîãîðñêèé ðàéîí,KGD
27725000,Ñâåòëîâñêèé ãîðîäñêîé îêðóã,KGD
27727000,Ñëàâñêèé ðàéîí,KGD
27730000,Ñîâåòñêèé ãîðîäñêîé îêðóã,KGD
27735000,×åðíÿõîâñêèé ðàéîí,KGD
27740000,ßíòàðíûé ãîðîäñêîé îêðóã,KGD
28602000,Àíäðåàïîëüñêèé ðàéîí,TVE
28604000,Áåæåöêèé ðàéîí,TVE
28606000,Áåëüñêèé ðàéîí,TVE
28608000,Áîëîãîâñêèé ðàéîí,TVE
28610000,Âåñüåãîíñêèé ðàéîí,TVE
28612000,Âûøíåâîëîöêèé ðàéîí,TVE
28614000,Æàðêîâñêèé ðàéîí,TVE
28616000,Çàïàäíîäâèíñêèé ðàéîí,TVE
28618000,Çóáöîâñêèé ðàéîí,TVE
28620000,Êàëèíèíñêèé ðàéîí,TVE
28622000,Êàëÿçèíñêèé ðàéîí,TVE
28624000,Êàøèíñêèé ðàéîí,TVE
28626000,Êåñîâîãîðñêèé ðàéîí,TVE
28628000,Êèìðñêèé ðàéîí,TVE
28630000,Êîíàêîâñêèé ðàéîí,TVE
28632000,Êðàñíîõîëìñêèé ðàéîí,TVE
28634000,Êóâøèíîâñêèé ðàéîí,TVE
28636000,Ëåñíîé ðàéîí,TVE
28638000,Ëèõîñëàâëüñêèé ðàéîí,TVE
28640000,Ìàêñàòèõèíñêèé ðàéîí,TVE
28642000,Ìîëîêîâñêèé ðàéîí,TVE
28643000,Íåëèäîâñêèé ðàéîí,TVE
28644000,Îëåíèíñêèé ðàéîí,TVE
28645000,Îñòàøêîâñêèé ðàéîí,TVE
28646000,Ïåíîâñêèé ðàéîí,TVE
28647000,Ðàìåøêîâñêèé ðàéîí,TVE
28648000,Ðæåâñêèé ðàéîí,TVE
28649000,Ñàíäîâñêèé ðàéîí,TVE
28650000,Ñåëèæàðîâñêèé ðàéîí,TVE
28651000,Ñîíêîâñêèé ðàéîí,TVE
28652000,Ñïèðîâñêèé ðàéîí,TVE
28653000,Ñòàðèöêèé ðàéîí,TVE
28654000,Òîðæîêñêèé ðàéîí,TVE
28655000,Òîðîïåöêèé ðàéîí,TVE
28656000,Óäîìåëüñêèé ðàéîí,TVE
28657000,Ôèðîâñêèé ðàéîí,TVE
28701000,ãîðîäñêîé îêðóã Òâåðü,TVE
28714000,Âûøíèé Âîëî÷åê,TVE
28726000,Ãîðîäñêîé îêðóã Êèìðû,TVE
28745000,Ðæåâ,TVE
28750000,ãîðîäñêîé îêðóã Òîðæîê,TVE
28753000,Îç¸ðíûé,TVE
28755000,Óäîìëÿ,TVE
28756000,Ñîëíå÷íûé,TVE
29602000,Áàáûíèíñêèé ðàéîí,KAL
29604000,Áàðÿòèíñêèé ðàéîí,KAL
29606000,Áîðîâñêèé ðàéîí,KAL
29608000,Äçåðæèíñêèé ðàéîí,KAL
29610000,Äóìèíè÷ñêèé ðàéîí,KAL
29612000,Æèçäðèíñêèé ðàéîí,KAL
29613000,Æóêîâñêèé ðàéîí,KAL
29614000,Êèðîâñêèé ðàéîí,KAL
29615000,Èçíîñêîâñêèé ðàéîí,KAL
29616000,Êîçåëüñêèé ðàéîí,KAL
29618000,Êóéáûøåâñêèé ðàéîí,KAL
29620000,Ëþäèíîâñêèé ðàéîí,KAL
29623000,Ìàëîÿðîñëàâåöêèé ðàéîí,KAL
29625000,Ìåäûíñêèé ðàéîí,KAL
29627000,Ìåùîâñêèé ðàéîí,KAL
29629000,Ìîñàëüñêèé ðàéîí,KAL
29632000,Ïåðåìûøëüñêèé ðàéîí,KAL
29634000,Ñïàñ-Äåìåíñêèé ðàéîí,KAL
29636000,Ñóõèíè÷ñêèé ðàéîí,KAL
29638000,Òàðóññêèé ðàéîí,KAL
29642000,Óëüÿíîâñêèé  ðàéîí,KAL
29644000,Ôåðçèêîâñêèé ðàéîí,KAL
29646000,Õâàñòîâè÷ñêèé ðàéîí,KAL
29650000,Þõíîâñêèé ðàéîí,KAL
29701000,Êàëóãà,KAL
29715000,Îáíèíñê,KAL
30601000,Àëåóòñêèé ðàéîí,KAM
30604000,Áûñòðèíñêèé ðàéîí,KAM
30607000,Åëèçîâñêèé ðàéîí,KAM
30610000,Ìèëüêîâñêèé ðàéîí,KAM
30613000,Ñîáîëåâñêèé ðàéîí,KAM
30616000,Óñòü-Áîëüøåðåöêèé ðàéîí,KAM
30619000,Óñòü-Êàì÷àòñêèé ðàéîí,KAM
30701000,Ïåòðîïàâëîâñê-Êàì÷àòñêèé ãîðîäñêîé îêðóã,KAM
30735000,Âèëþ÷èíñêèé ãîðîäñêîé îêðóã,KAM
30824000,Êàðàãèíñêèé ðàéîí,KAM
30827000,Îëþòîðñêèé ðàéîí,KAM
30829000,Ïåíæèíñêèé ðàéîí,KAM
30832000,Òèãèëüñêèé ðàéîí,KAM
30851000,ãîðîäñêîé îêðóã Ïàëàíà,KAM
32601000,Áåëîâñêèé ðàéîí,KEM
32602000,Ãóðüåâñêèé ðàéîí,KEM
32604000,Èæìîðñêèé ðàéîí,KEM
32607000,Êåìåðîâñêèé ðàéîí,KEM
32610000,Êðàïèâèíñêèé ðàéîí,KEM
32613000,Ëåíèíñê-Êóçíåöêèé ðàéîí,KEM
32616000,Ìàðèèíñêèé ðàéîí,KEM
32619000,Íîâîêóçíåöêèé ðàéîí,KEM
32622000,Ïðîêîïüåâñêèé ðàéîí,KEM
32625000,Ïðîìûøëåííîâñêèé ðàéîí,KEM
32627000,Òàøòàãîëüñêèé ðàéîí,KEM
32628000,Òèñóëüñêèé ðàéîí,KEM
32631000,Òîïêèíñêèé ðàéîí,KEM
32634000,Òÿæèíñêèé ðàéîí,KEM
32637000,×åáóëèíñêèé ðàéîí,KEM
32640000,Þðãèíñêèé ðàéîí,KEM
32643000,ßéñêèé ðàéîí,KEM
32646000,ßøêèíñêèé ðàéîí,KEM
32701000,Êåìåðîâî,KEM
32704000,Àíæåðî-Ñóäæåíñê,KEM
32707000,Áåëîâî,KEM
32710000,Áåðåçîâñêèé,KEM
32715000,Êàëòàí,KEM
32716000,Êèñåë¸âñê,KEM
32719000,Ëåíèíñê-Êóçíåöêèé,KEM
32725000,Ìåæäóðå÷åíñê,KEM
32728000,Ìûñêè,KEM
32731000,Íîâîêóçíåöê,KEM
32732000,Ïîëûñàåâî,KEM
32734000,Îñèííèêè,KEM
32737000,Ïðîêîïüåâñê,KEM
32740000,Òàéãà,KEM
32749000,Þðãà,KEM
32751000,Êðàñíîáðîäñêèé,KEM
33602000,Àðáàæñêèé ðàéîí,KIR
33603000,Àôàíàñüåâñêèé ðàéîí,KIR
33605000,Áåëîõîëóíèöêèé ðàéîí,KIR
33606000,Áîãîðîäñêèé ðàéîí,KIR
33607000,Âåðõíåêàìñêèé ðàéîí,KIR
33608000,Âåðõîøèæåìñêèé ðàéîí,KIR
33610000,Âÿòñêîïîëÿíñêèé ðàéîí,KIR
33612000,Äàðîâñêîé ðàéîí,KIR
33614000,Çóåâñêèé ðàéîí,KIR
33616000,Êèêíóðñêèé ðàéîí,KIR
33617000,Êèëüìåçñêèé ðàéîí,KIR
33618000,Êèðîâî-×åïåöêèé ðàéîí,KIR
33619000,Êîòåëüíè÷ñêèé ðàéîí,KIR
33620000,Êóìåíñêèé ðàéîí,KIR
33621000,Ëåáÿæñêèé ðàéîí,KIR
33622000,Ëóçñêèé ðàéîí,KIR
33623000,Ìàëìûæñêèé ðàéîí,KIR
33624000,Ìóðàøèíñêèé ðàéîí,KIR
33625000,Íàãîðñêèé ðàéîí,KIR
33626000,Íåìñêèé ðàéîí,KIR
33627000,Íîëèíñêèé ðàéîí,KIR
33628000,Îìóòíèíñêèé ðàéîí,KIR
33629000,Îïàðèíñêèé ðàéîí,KIR
33630000,Îðè÷åâñêèé ðàéîí,KIR
33631000,Ïèæàíñêèé ðàéîí,KIR
33632000,Ïîäîñèíîâñêèé ðàéîí,KIR
33633000,Ñàí÷óðñêèé ðàéîí,KIR
33634000,Ñâå÷èíñêèé ðàéîí,KIR
33635000,Ñëîáîäñêîé ðàéîí,KIR
33636000,Ñîâåòñêèé ðàéîí,KIR
33637000,Ñóíñêèé ðàéîí,KIR
33638000,Òóæèíñêèé ðàéîí,KIR
33640000,Óíèíñêèé ðàéîí,KIR
33641000,Óðæóìñêèé ðàéîí,KIR
33643000,Ôàëåíñêèé ðàéîí,KIR
33645000,Îðëîâñêèé ðàéîí,KIR
33647000,Øàáàëèíñêèé ðàéîí,KIR
33649000,Þðüÿíñêèé ðàéîí,KIR
33650000,ßðàíñêèé ðàéîí,KIR
33701000,Êèðîâ,KIR
33704000,Âÿòñêèå Ïîëÿíû,KIR
33707000,Êèðîâî-×åïåöê,KIR
33710000,Êîòåëüíè÷,KIR
33713000,Ñëîáîäñêîé,KIR
33787000,ÇÀÒÎ Ïåðâîìàéñêèé,KIR
34602000,Àíòðîïîâñêèé ðàéîí,KOS
34604000,Áóéñêèé ðàéîí,KOS
34606000,Âîõîìñêèé ðàéîí,KOS
34608000,Ãàëè÷ñêèé ðàéîí,KOS
34610000,Êàäûéñêèé ðàéîí,KOS
34612000,Êîëîãðèâñêèé ðàéîí,KOS
34614000,Êîñòðîìñêîé ðàéîí,KOS
34616000,Êðàñíîñåëüñêèé ðàéîí,KOS
34618000,Ìàêàðüåâñêèé ðàéîí,KOS
34620000,Ìàíòóðîâñêèé ðàéîí,KOS
34622000,Ìåæåâñêîé ðàéîí,KOS
34624000,Íåéñêèé ðàéîí,KOS
34626000,Íåðåõòñêèé ðàéîí,KOS
34628000,Îêòÿáðüñêèé ðàéîí,KOS
34630000,Îñòðîâñêèé ðàéîí,KOS
34632000,Ïàâèíñêèé ðàéîí,KOS
34634000,Ïàðôåíüåâñêèé ðàéîí,KOS
34636000,Ïîíàçûðåâñêèé ðàéîí,KOS
34638000,Ïûùóãñêèé ðàéîí,KOS
34640000,Ñîëèãàëè÷ñêèé ðàéîí,KOS
34642000,Ñóäèñëàâñêèé ðàéîí,KOS
34644000,Ñóñàíèíñêèé ðàéîí,KOS
34646000,×óõëîìñêèé ðàéîí,KOS
34648000,Øàðüèíñêèé ðàéîí,KOS
34701000,Êîñòðîìà,KOS
34705000,ãîðîäñêîé îêðóã Áóé,KOS
34706000,ãîðîäñêîé îêðóã Âîëãîðå÷åíñê,KOS
34708000,ãîðîäñêîé îêðóã Ãàëè÷,KOS
34714000,ãîðîäñêîé îêðóã Ìàíòóðîâî,KOS
34730000,ãîðîäñêîé îêðóã Øàðüÿ,KOS
3601000,Àáèíñêèé ðàéîí,KRD
3605000,Àïøåðîíñêèé ðàéîí,KRD
3607000,Áåëîãëèíñêèé ðàéîí,KRD
3608000,Áåëîðå÷åíñêèé ðàéîí,KRD
3610000,Áðþõîâåöêèé ðàéîí,KRD
3612000,Âûñåëêîâñêèé ðàéîí,KRD
3613000,Ãóëüêåâè÷ñêèé ðàéîí,KRD
3614000,Äèíñêîé ðàéîí,KRD
3616000,Åéñêèé ðàéîí,KRD
3618000,Êàâêàçñêèé ðàéîí,KRD
3619000,Êàëèíèíñêèé ðàéîí,KRD
3621000,Êîðåíîâñêèé ðàéîí,KRD
3623000,Êðàñíîàðìåéñêèé ðàéîí,KRD
3624000,Êðûëîâñêèé ðàéîí,KRD
3625000,Êðûìñêèé ðàéîí,KRD
3627000,Êóðãàíèíñêèé ðàéîí,KRD
3628000,Êóù¸âñêèé ðàéîí,KRD
3630000,Ëàáèíñêèé ðàéîí,KRD
3632000,Ëåíèíãðàäñêèé ðàéîí,KRD
3633000,Ìîñòîâñêèé ðàéîí,KRD
3634000,Íîâîêóáàíñêèé ðàéîí,KRD
3635000,Íîâîïîêðîâñêèé ðàéîí,KRD
3637000,Îòðàäíåíñêèé ðàéîí,KRD
3639000,Ïàâëîâñêèé ðàéîí,KRD
3641000,Ïðèìîðñêî-Àõòàðñêèé ðàéîí,KRD
3643000,Ñåâåðñêèé ðàéîí,KRD
3645000,Ñëàâÿíñêèé ðàéîí,KRD
3647000,Ñòàðîìèíñêèé ðàéîí,KRD
3649000,Òáèëèññêèé ðàéîí,KRD
3651000,Òåìðþêñêèé ðàéîí,KRD
3653000,Òèìàøåâñêèé ðàéîí,KRD
3654000,Òèõîðåöêèé ðàéîí,KRD
3655000,Òóàïñèíñêèé ðàéîí,KRD
3656000,Óñïåíñêèé ðàéîí,KRD
3657000,Óñòü-Ëàáèíñêèé ðàéîí,KRD
3659000,Ùåðáèíîâñêèé ðàéîí,KRD
36602000,Àëåêñååâñêèé ðàéîí,SAM
36604000,Áåçåí÷óêñêèé ðàéîí,SAM
36606000,Áîãàòîâñêèé ðàéîí,SAM
36608000,Áîëüøåãëóøèöêèé ðàéîí,SAM
36610000,Áîëüøå÷åðíèãîâñêèé ðàéîí,SAM
36612000,Áîðñêèé ðàéîí,SAM
36614000,Âîëæñêèé ðàéîí,SAM
36615000,Åëõîâñêèé ðàéîí,SAM
36616000,Èñàêëèíñêèé ðàéîí,SAM
36617000,Êàìûøëèíñêèé ðàéîí,SAM
36618000,Êèíåëüñêèé ðàéîí,SAM
36620000,Êèíåëü-×åðêàññêèé ðàéîí,SAM
36622000,Êëÿâëèíñêèé ðàéîí,SAM
36624000,Êîøêèíñêèé ðàéîí,SAM
36626000,Êðàñíîàðìåéñêèé ðàéîí,SAM
36628000,Êðàñíîÿðñêèé ðàéîí,SAM
36630000,Íåôòåãîðñêèé ðàéîí,SAM
36632000,Ïåñòðàâñêèé ðàéîí,SAM
36634000,Ïîõâèñòíåâñêèé ðàéîí,SAM
36636000,Ïðèâîëæñêèé ðàéîí,SAM
36638000,Ñåðãèåâñêèé ðàéîí,SAM
36640000,Ñòàâðîïîëüñêèé ðàéîí,SAM
36642000,Ñûçðàíñêèé ðàéîí,SAM
36644000,Õâîðîñòÿíñêèé ðàéîí,SAM
36646000,×åëíî-Âåðøèíñêèé ðàéîí,SAM
36648000,Øåíòàëèíñêèé ðàéîí,SAM
36650000,Øèãîíñêèé ðàéîí,SAM
36701000,Ñàìàðà,SAM
36704000,Ãîðîäñêîé îêðóã Æèãóëåâñê,SAM
36708000,Êèíåëü,SAM
36713000,Ãîðîäñêîé îêðóã Íîâîêóéáûøåâñê,SAM
36718000,Îêòÿáðüñê,SAM
36724000,Ãîðîäñêîé îêðóã Îòðàäíûé,SAM
36727000,Ïîõâèñòíåâî,SAM
36735000,Ñûçðàíü,SAM
36740000,Òîëüÿòòè,SAM
36750000,×àïàåâñê,SAM
3701000,Êðàñíîäàð,KRD
3703000,Àíàïà,KRD
3705000,Àðìàâèð,KRD
3708000,Ãåëåíäæèê,KRD
3709000,Ãîðÿ÷èé Êëþ÷,KRD
3720000,Íîâîðîññèéñê,KRD
3726000,Ñî÷è,KRD
37602000,Àëüìåíåâñêèé ðàéîí,KRG
37604000,Áåëîçåðñêèé ðàéîí,KRG
37606000,Âàðãàøèíñêèé ðàéîí,KRG
37608000,Äàëìàòîâñêèé ðàéîí,KRG
37609000,Çâåðèíîãîëîâñêèé ðàéîí,KRG
37610000,Êàðãàïîëüñêèé ðàéîí,KRG
37612000,Êàòàéñêèé ðàéîí,KRG
37614000,Êåòîâñêèé ðàéîí,KRG
37616000,Êóðòàìûøñêèé ðàéîí,KRG
37618000,Ëåáÿæüåâñêèé ðàéîí,KRG
37620000,Ìàêóøèíñêèé ðàéîí,KRG
37622000,Ìèøêèíñêèé ðàéîí,KRG
37624000,Ìîêðîóñîâñêèé ðàéîí,KRG
37626000,Ïåòóõîâñêèé ðàéîí,KRG
37628000,Ïîëîâèíñêèé ðàéîí,KRG
37630000,Ïðèòîáîëüíûé ðàéîí,KRG
37632000,Ñàôàêóëåâñêèé ðàéîí,KRG
37634000,Öåëèííûé ðàéîí,KRG
37636000,×àñòîîçåðñêèé ðàéîí,KRG
37638000,Øàäðèíñêèé ðàéîí,KRG
37640000,Øàòðîâñêèé ðàéîí,KRG
37642000,Øóìèõèíñêèé ðàéîí,KRG
37644000,Ùó÷àíñêèé ðàéîí,KRG
37646000,Þðãàìûøñêèé ðàéîí,KRG
37701000,ãîðîäñêîé îêðóã Êóðãàí,KRG
37705000,ãîðîäñêîé îêðóã Øàäðèíñê,KRG
38602000,Áåëîâñêèé ðàéîí,KUR
38603000,Áîëüøåñîëäàòñêèé ðàéîí,KUR
38604000,Ãëóøêîâñêèé ðàéîí,KUR
38606000,Ãîðøå÷åíñêèé ðàéîí,KUR
38608000,Äìèòðèåâñêèé ðàéîí,KUR
38610000,Æåëåçíîãîðñêèé ðàéîí,KUR
38612000,Çîëîòóõèíñêèé ðàéîí,KUR
38614000,Êàñòîðåíñêèé ðàéîí,KUR
38616000,Êîíûøåâñêèé ðàéîí,KUR
38618000,Êîðåíåâñêèé ðàéîí,KUR
38620000,Êóðñêèé ðàéîí,KUR
38621000,Êóð÷àòîâñêèé ðàéîí,KUR
38622000,Ëüãîâñêèé ðàéîí,KUR
38623000,Ìàíòóðîâñêèé ðàéîí,KUR
38624000,Ìåäâåíñêèé ðàéîí,KUR
38626000,Îáîÿíñêèé ðàéîí,KUR
38628000,Îêòÿáðüñêèé ðàéîí,KUR
38630000,Ïîíûðîâñêèé ðàéîí,KUR
38632000,Ïðèñòåíñêèé ðàéîí,KUR
38634000,Ðûëüñêèé ðàéîí,KUR
38636000,Ñîâåòñêèé ðàéîí,KUR
38638000,Ñîëíöåâñêèé ðàéîí,KUR
38640000,Ñóäæàíñêèé ðàéîí,KUR
38642000,Òèìñêèé ðàéîí,KUR
38644000,Ôàòåæñêèé ðàéîí,KUR
38646000,Õîìóòîâñêèé ðàéîí,KUR
38648000,×åðåìèñèíîâñêèé ðàéîí,KUR
38650000,Ùèãðîâñêèé ðàéîí,KUR
38701000,Êóðñê,KUR
38705000,Æåëåçíîãîðñê,KUR
38708000,Êóð÷àòîâ,KUR
38710000,Ëüãîâ,KUR
38715000,Ùèãðû,KUR
41603000,Áîêñèòîãîðñêèé ðàéîí,SPB
41606000,Âîëîñîâñêèé ðàéîí,SPB
41612000,Âñåâîëîæñêèé ðàéîí,SPB
41615000,Âûáîðãñêèé ðàéîí,SPB
41618000,Ãàò÷èíñêèé ðàéîí,SPB
41621000,Êèíãèñåïïñêèé ðàéîí,SPB
41624000,Êèðèøñêèé ðàéîí,SPB
41625000,Êèðîâñêèé ðàéîí,SPB
41630000,Ëîìîíîñîâñêèé ðàéîí,SPB
41633000,Ëóæñêèé ðàéîí,SPB
41636000,Ïîäïîðîæñêèé ðàéîí,SPB
41639000,Ïðèîçåðñêèé ðàéîí,SPB
41642000,Ñëàíöåâñêèé ðàéîí,SPB
41645000,Òèõâèíñêèé ðàéîí,SPB
41648000,Òîñíåíñêèé ðàéîí,SPB
41754000,Ñîñíîâîáîðñêèé ãîðîäñêîé îêðóã,SPB
42603000,Âîëîâñêèé ðàéîí,LIP
42606000,Ãðÿçèíñêèé ðàéîí,LIP
42609000,Äàíêîâñêèé ðàéîí,LIP
42612000,Äîáðèíñêèé ðàéîí,LIP
42615000,Äîáðîâñêèé ðàéîí,LIP
42618000,Äîëãîðóêîâñêèé ðàéîí,LIP
42621000,Åëåöêèé ðàéîí,LIP
42624000,Çàäîíñêèé ðàéîí,LIP
42627000,Èçìàëêîâñêèé ðàéîí,LIP
42630000,Êðàñíèíñêèé ðàéîí,LIP
42633000,Ëåáåäÿíñêèé ðàéîí,LIP
42636000,Ëåâ-Òîëñòîâñêèé ðàéîí,LIP
42640000,Ëèïåöêèé ðàéîí,LIP
42642000,Ñòàíîâëÿíñêèé ðàéîí,LIP
42645000,Òåðáóíñêèé ðàéîí,LIP
42648000,Óñìàíñêèé ðàéîí,LIP
42652000,Õëåâåíñêèé ðàéîí,LIP
42656000,×àïëûãèíñêèé ðàéîí,LIP
42701000,Ëèïåöêèé ãîðîäñêîé îêðóã,LIP
42715000,Åëåö,LIP
44601000,Îëüñêèé ðàéîí,MAG
44604000,Îìñóê÷àíñêèé ðàéîí,MAG
44607000,Ñåâåðî-Ýâåíñêèé ðàéîí,MAG
44610000,Ñðåäíåêàíñêèé ðàéîí,MAG
44613000,Ñóñóìàíñêèé ðàéîí,MAG
44616000,Òåíüêèíñêèé ðàéîí,MAG
44619000,Õàñûíñêèé ðàéîí,MAG
44622000,ßãîäíèíñêèé ðàéîí,MAG
44701000,Ìàãàäàí,MAG
4601000,Àáàíñêèé ðàéîí,KYA
4603000,À÷èíñêèé ðàéîí,KYA
4604000,Áàëàõòèíñêèé ðàéîí,KYA
4605000,Áåðåçîâñêèé ðàéîí,KYA
4606000,Áèðèëþññêèé ðàéîí,KYA
4608000,Áîãîòîëüñêèé ðàéîí,KYA
4609000,Áîãó÷àíñêèé ðàéîí,KYA
4610000,Áîëüøåìóðòèíñêèé ðàéîí,KYA
4611000,Áîëüøåóëóéñêèé ðàéîí,KYA
4613000,Äçåðæèíñêèé ðàéîí,KYA
4614000,Åìåëüÿíîâñêèé ðàéîí,KYA
4615000,Åíèñåéñêèé ðàéîí,KYA
4616000,Åðìàêîâñêèé ðàéîí,KYA
4617000,Èäðèíñêèé ðàéîí,KYA
4618000,Èëàíñêèé ðàéîí,KYA
4619000,Èðáåéñêèé ðàéîí,KYA
4620000,Êàçà÷èíñêèé ðàéîí,KYA
4621000,Êàíñêèé ðàéîí,KYA
4622000,Êàðàòóçñêèé ðàéîí,KYA
4624000,Êåæåìñêèé ðàéîí,KYA
4626000,Êîçóëüñêèé ðàéîí,KYA
4628000,Êðàñíîòóðàíñêèé,KYA
4630000,Êóðàãèíñêèé ðàéîí,KYA
4631000,Ìàíñêèé ðàéîí,KYA
4633000,Ìèíóñèíñêèé ðàéîí,KYA
4635000,Ìîòûãèíñêèé ðàéîí,KYA
4637000,Íàçàðîâñêèé ðàéîí,KYA
4639000,Íèæíåèíãàøñêèé ðàéîí,KYA
4641000,Íîâîñåëîâñêèé ðàéîí,KYA
4643000,Ïàðòèçàíñêèé ðàéîí,KYA
4645000,Ïèðîâñêèé ðàéîí,KYA
4647000,Ðûáèíñêèé ðàéîí,KYA
4648000,Ñàÿíñêèé ðàéîí,KYA
4649000,Ñåâåðî-Åíèñåéñêèé ðàéîí,KYA
4651000,Ñóõîáóçèìñêèé ðàéîí,KYA
4652000,Òàñååâñêèé ðàéîí,KYA
4654000,Òóðóõàíñêèé  ðàéîí,KYA
4655000,Òþõòåòñêèé ðàéîí,KYA
4656000,Óæóðñêèé ðàéîí,KYA
4657000,Óÿðñêèé ðàéîí,KYA
4658000,Øàðûïîâñêèé ðàéîí,KYA
4659000,Øóøåíñêèé ðàéîí,KYA
46605000,Âîëîêîëàìñêèé ðàéîí,MOS
46606000,Âîñêðåñåíñêèé ðàéîí,MOS
46608000,Äìèòðîâñêèé ðàéîí,MOS
46612000,Åãîðüåâñêèé ðàéîí,MOS
46615000,Ñåðãèåâî-Ïîñàäñêèé ðàéîí,MOS
46616000,Çàðàéñêèé ðàéîí,MOS
46618000,Èñòðèíñêèé ðàéîí,MOS
46620000,Êàøèðñêèé ðàéîí,MOS
46621000,Êëèíñêèé ðàéîí,MOS
46622000,Êîëîìåíñêèé ðàéîí,MOS
46623000,Êðàñíîãîðñêèé ðàéîí,MOS
46628000,Ëåíèíñêèé ðàéîí,MOS
46629000,Ëîòîøèíñêèé ðàéîí,MOS
46630000,Ëóõîâèöêèé ðàéîí,MOS
46631000,Ëþáåðåöêèé ðàéîí,MOS
46633000,Ìîæàéñêèé ðàéîí,MOS
46634000,Ìûòèùèíñêèé ðàéîí,MOS
46638000,Íàðî-Ôîìèíñêèé ðàéîí,MOS
46639000,Íîãèíñêèé ðàéîí,MOS
46641000,Îäèíöîâñêèé ðàéîí,MOS
46642000,Îç¸ðñêèé ðàéîí,MOS
46643000,Îðåõîâî-Çóåâñêèé ðàéîí,MOS
46645000,Ïàâëîâî-Ïîñàäñêèé ðàéîí,MOS
46646000,Ïîäîëüñêèé ðàéîí,MOS
46647000,Ïóøêèíñêèé ðàéîí,MOS
46648000,Ðàìåíñêèé ðàéîí,MOS
46649000,Ðóçñêèé ðàéîí,MOS
46650000,Ñåðåáðÿíî-Ïðóäñêèé ðàéîí,MOS
46651000,Ñåðïóõîâñêèé ðàéîí,MOS
46652000,Ñîëíå÷íîãîðñêèé ðàéîí,MOS
46653000,Ñòóïèíñêèé ðàéîí,MOS
46654000,Òàëäîìñêèé ðàéîí,MOS
46656000,×åõîâñêèé ðàéîí,MOS
46657000,Øàòóðñêèé ðàéîí,MOS
46658000,Øàõîâñêîé ðàéîí,MOS
46659000,Ù¸ëêîâñêèé ðàéîí,MOS
46704000,ãîðîäñêîé îêðóã Áàëàøèõà,MOS
46705000,Áðîííèöû ãîðîäñêîé îêðóã,MOS
46706000,Êðàñíîçíàìåíñê,MOS
46709000,ãîðîäñêîé îêðóã Äîìîäåäîâî,MOS
46711000,ãîðîäñêîé îêðóã Äçåðæèíñêèé,MOS
46716000,ãîðîäñêîé îêðóã Äîëãîïðóäíûé,MOS
46718000,ãîðîäñêîé îêðóã Äóáíà,MOS
46724000,ãîðîäñêîé îêðóã Æåëåçíîäîðîæíûé,MOS
46725000,Æóêîâñêèé ãîðîäñêîé îêðóã,MOS
46730000,ãîðîäñêîé îêðóã Çâåíèãîðîä,MOS
46732000,ãîðîäñêîé îêðóã Èâàíòååâêà,MOS
46734000,ãîðîäñêîé îêðóã Êîðîë¸â,MOS
46736000,Êëèìîâñê,MOS
46738000,ãîðîäñêîé îêðóã Êîëîìíà,MOS
46739000,ãîðîäñêîé îêðóã Êîòåëüíèêè,MOS
46740000,ãîðîäñêîé îêðóã Ëîáíÿ,MOS
46741000,ãîðîäñêîé îêðóã Ëûòêàðèíî,MOS
46742000,ãîðîäñêîé îêðóã Ëîñèíî-Ïåòðîâñêèé,MOS
46743000,ãîðîäñêîé îêðóã Êðàñíîàðìåéñê,MOS
46757000,ãîðîäñêîé îêðóã Îðåõîâî-Çóåâî,MOS
46760000,ãîðîäñêîé îêðóã Ïîäîëüñê,MOS
46761000,Ìîëîä¸æíûé,MOS
46762000,ãîðîäñêîé îêðóã Ïóùèíî,MOS
46763000,Âîñõîä,MOS
46764000,ãîðîäñêîé îêðóã Ðåóòîâ,MOS
46765000,ãîðîäñêîé îêðóã Ðîøàëü,MOS
46767000,ãîðîäñêîé îêðóã Ïðîòâèíî,MOS
46770000,ãîðîäñêîé îêðóã Ñåðïóõîâ,MOS
46773000,Âëàñèõà,MOS
46774000,Çâ¸çäíûé ãîðîäîê,MOS
46780000,ãîðîäñêîé îêðóã Ôðÿçèíî,MOS
46781000,ãîðîäñêîé îêðóã ×åðíîãîëîâêà,MOS
46783000,ãîðîäñêîé îêðóã Õèìêè,MOS
46790000,ãîðîäñêîé îêðóã Ýëåêòðîñòàëü,MOS
46791000,ãîðîäñêîé îêðóã Ýëåêòðîãîðñê,MOS
46793000,ãîðîäñêîé îêðóã Þáèëåéíûé,MOS
4701000,Êðàñíîÿðñê,KYA
4703000,À÷èíñê,KYA
4706000,Áîãîòîë,KYA
4707000,Áîðîäèíî,KYA
4709000,Äèâíîãîðñê,KYA
4712000,Åíèñåéñê,KYA
4720000,Êàíñê,KYA
4722000,Ëåñîñèáèðñê,KYA
4723000,Ìèíóñèíñê,KYA
4726000,Íàçàðîâî,KYA
4729000,Íîðèëüñê,KYA
4733000,Ñîñíîâîáîðñê,KYA
4735000,Æåëåçíîãîðñê,KYA
4737000,Çåëåíîãîðñê,KYA
4740000,Øàðûïîâî,KYA
47605000,Êîëüñêèé ðàéîí,MUR
47608000,Êàíäàëàêøñêèé ðàéîí,MUR
47610000,Ëîâîçåðñêèé ðàéîí,MUR
47615000,Ïå÷åíãñêèé  ðàéîí,MUR
47620000,Òåðñêèé ðàéîí,MUR
47701000,Ìóðìàíñê,MUR
47703000,Êîâäîðñêèé ðàéîí,MUR
47705000,Àïàòèòñêèé ðàéîí,MUR
47712000,Êèðîâñêèé ðàéîí,MUR
47715000,Ìîí÷åãîðñêèé ðàéîí,MUR
47717000,Îëåíåãîðñêèé ðàéîí,MUR
47719000,Ïîëÿðíîçîðèíñêèé ðàéîí,MUR
47730000,Ñåâåðîìîðñê,MUR
47731000,Îñòðîâíîé,MUR
47733000,Çàîçåðñê,MUR
47735000,Âèäÿåâî,MUR
47737000,ÇÀÒÎ Àëåêñàíäðîâñê,MUR
4775000,Êåäðîâûé,KYA
4780000,Ñîëíå÷íûé,KYA
4811000,Òàéìûðñêèé Äîëãàíî-Íåíåöêèé ðàéîí,KYA
4911000,Ýâåíêèéñêèé ðàéîí,KYA
49603000,Áàòåöêèé ðàéîí,NOV
49606000,Áîðîâè÷ñêèé ðàéîí,NOV
49608000,Âàëäàéñêèé ðàéîí,NOV
49610000,Âîëîòîâñêèé ðàéîí,NOV
49612000,Äåìÿíñêèé ðàéîí,NOV
49614000,Êðåñòåöêèé ðàéîí,NOV
49616000,Ëþáûòèíñêèé ðàéîí,NOV
49620000,Ìàëîâèøåðñêèé ðàéîí,NOV
49623000,Ìàð¸âñêèé ðàéîí,NOV
49624000,Ìîøåíñêîé ðàéîí,NOV
49625000,Íîâãîðîäñêèé ðàéîí,NOV
49628000,Îêóëîâñêèé ðàéîí,NOV
49630000,Ïàðôèíñêèé ðàéîí,NOV
49632000,Ïåñòîâñêèé ðàéîí,NOV
49634000,Ïîääîðñêèé ðàéîí,NOV
49638000,Ñîëåöêèé ðàéîí,NOV
49639000,Ñòàðîðóññêèé ðàéîí,NOV
49645000,Õâîéíèíñêèé ðàéîí,NOV
49647000,Õîëìñêèé ðàéîí,NOV
49650000,×óäîâñêèé ðàéîí,NOV
49655000,Øèìñêèé ðàéîí,NOV
49701000,Âåëèêèé Íîâãîðîä,NOV
50603000,Áàãàíñêèé ðàéîí,NVS
50604000,Áàðàáèíñêèé ðàéîí,NVS
50606000,Áîëîòíèíñêèé ðàéîí,NVS
50608000,Âåíãåðîâñêèé ðàéîí,NVS
50610000,Äîâîëåíñêèé ðàéîí,NVS
50613000,Çäâèíñêèé ðàéîí,NVS
50615000,Èñêèòèìñêèé ðàéîí,NVS
50617000,Êàðàñóêñêèé ðàéîí,NVS
50619000,Êàðãàòñêèé ðàéîí,NVS
50621000,Êîëûâàíñêèé ðàéîí,NVS
50623000,Êî÷åí¸âñêèé ðàéîí,NVS
50625000,Êî÷êîâñêèé ðàéîí,NVS
50627000,Êðàñíîç¸ðñêèé ðàéîí,NVS
50630000,Êóéáûøåâñêèé ðàéîí,NVS
50632000,Êóïèíñêèé ðàéîí,NVS
50634000,Êûøòîâñêèé ðàéîí,NVS
50636000,Ìàñëÿíèíñêèé ðàéîí,NVS
50638000,Ìîøêîâñêèé ðàéîí,NVS
50640000,Íîâîñèáèðñêèé ðàéîí,NVS
50642000,Îðäûíñêèé ðàéîí,NVS
50644000,Ñåâåðíûé ðàéîí,NVS
50648000,Ñóçóíñêèé ðàéîí,NVS
50650000,Òàòàðñêèé ðàéîí,NVS
50652000,Òîãó÷èíñêèé ðàéîí,NVS
50654000,Óáèíñêèé ðàéîí,NVS
50655000,Óñòü-Òàðêñêèé ðàéîí,NVS
50656000,×àíîâñêèé ðàéîí,NVS
50657000,×åðåïàíîâñêèé ðàéîí,NVS
50658000,×èñòîîç¸ðíûé ðàéîí,NVS
50659000,×óëûìñêèé ðàéîí,NVS
50701000,Íîâîñèáèðñê,NVS
50708000,Áåðäñê,NVS
50712000,Èñêèòèì,NVS
50717000,Îáü,NVS
50740000,Êîëüöîâî,NVS
52601000,Àçîâñêèé íåìåöêèé íàöèîíàëüíûé ðàéîí,OMS
52603000,Áîëüøåðå÷åíñêèé ðàéîí,OMS
52606000,Áîëüøåóêîâñêèé ðàéîí,OMS
52609000,Ãîðüêîâñêèé ðàéîí,OMS
52612000,Çíàìåíñêèé ðàéîí,OMS
52615000,Èñèëüêóëüñêèé ðàéîí,OMS
52618000,Êàëà÷èíñêèé ðàéîí,OMS
52621000,Êîëîñîâñêèé ðàéîí,OMS
52623000,Êîðìèëîâñêèé ðàéîí,OMS
52626000,Êðóòèíñêèé ðàéîí,OMS
52629000,Ëþáèíñêèé ðàéîí,OMS
52630000,Ìàðüÿíîâñêèé ðàéîí,OMS
52632000,Ìîñêàëåíñêèé ðàéîí,OMS
52634000,Ìóðîìöåâñêèé ðàéîí,OMS
52636000,Íàçûâàåâñêèé ðàéîí,OMS
52639000,Íèæíåîìñêèé ðàéîí,OMS
52641000,Íîâîâàðøàâñêèé ðàéîí,OMS
52642000,Îäåññêèé ðàéîí,OMS
52643000,Îêîíåøíèêîâñêèé ðàéîí,OMS
52644000,Îìñêèé ðàéîí,OMS
52646000,Ïàâëîãðàäñêèé ðàéîí,OMS
52648000,Ïîëòàâñêèé ðàéîí,OMS
52650000,Ðóññêî-Ïîëÿíñêèé ðàéîí,OMS
52651000,Ñàðãàòñêèé ðàéîí,OMS
52652000,Ñåäåëüíèêîâñêèé ðàéîí,OMS
52653000,Òàâðè÷åñêèé ðàéîí,OMS
52654000,Òàðñêèé ðàéîí,OMS
52655000,Òåâðèçñêèé ðàéîí,OMS
52656000,Òþêàëèíñêèé ðàéîí,OMS
52657000,Óñòü-Èøèìñêèé ðàéîí,OMS
52658000,×åðëàêñêèé ðàéîí,OMS
52659000,Øåðáàêóëüñêèé ðàéîí,OMS
52701000,Îìñê,OMS
53603000,Àáäóëèíñêèé ðàéîí,ORE
53604000,Àäàìîâñêèé ðàéîí,ORE
53605000,Àêáóëàêñêèé ðàéîí,ORE
53606000,Àëåêñàíäðîâñêèé ðàéîí,ORE
53607000,Àñåêååâñêèé ðàéîí,ORE
53610000,Áåëÿåâñêèé ðàéîí,ORE
53611000,Áóãóðóñëàíñêèé ðàéîí,ORE
53612000,Áóçóëóêñêèé ðàéîí,ORE
53614000,Ãàéñêèé ðàéîí,ORE
53615000,Ãðà÷åâñêèé ðàéîí,ORE
53617000,Äîìáàðîâñêèé ðàéîí,ORE
53619000,Èëåêñêèé ðàéîí,ORE
53622000,Êâàðêåíñêèé ðàéîí,ORE
53623000,Êðàñíîãâàðäåéñêèé ðàéîí,ORE
53624000,Êóâàíäûêñêèé ðàéîí,ORE
53625000,Êóðìàíàåâñêèé ðàéîí,ORE
53627000,Ìàòâååâñêèé ðàéîí,ORE
53630000,Íîâîîðñêèé ðàéîí,ORE
53631000,Íîâîñåðãèåâñêèé ðàéîí,ORE
53633000,Îêòÿáðüñêèé ðàéîí,ORE
53634000,Îðåíáóðãñêèé ðàéîí,ORE
53636000,Ïåðâîìàéñêèé ðàéîí,ORE
53637000,Ïåðåâîëîöêèé ðàéîí,ORE
53638000,Ïîíîìàðåâñêèé ðàéîí,ORE
53640000,Ñàêìàðñêèé ðàéîí,ORE
53641000,Ñàðàêòàøñêèé ðàéîí,ORE
53642000,Ñâåòëèíñêèé ðàéîí,ORE
53643000,Ñåâåðíûé ðàéîí,ORE
53644000,Ñîëü-Èëåöêèé ðàéîí,ORE
53650000,Ñîðî÷èíñêèé ðàéîí,ORE
53651000,Òàøëèíñêèé ðàéîí,ORE
53652000,Òîöêèé ðàéîí,ORE
53653000,Òþëüãàíñêèé ðàéîí,ORE
53656000,Øàðëûêñêèé ðàéîí,ORE
53659000,ßñíåíñêèé ðàéîí,ORE
53701000,Îðåíáóðã,ORE
53708000,Áóãóðóñëàí,ORE
53712000,Áóçóëóê,ORE
53713000,Ãàé,ORE
53715000,Ìåäíîãîðñê,ORE
53720000,Íîâîòðîèöê,ORE
53723000,Îðñê,ORE
53727000,Ñîðî÷èíñê,ORE
53755000,Êîìàðîâñêèé,ORE
54604000,Áîëõîâñêèé ðàéîí,ORL
54608000,Âåðõîâñêèé ðàéîí,ORL
54610000,Ãëàçóíîâñêèé ðàéîí,ORL
54612000,Äìèòðîâñêèé ðàéîí,ORL
54615000,Äîëæàíñêèé ðàéîí,ORL
54618000,Çàëåãîùåíñêèé ðàéîí,ORL
54620000,Çíàìåíñêèé ðàéîí,ORL
54623000,Êîëïíÿíñêèé ðàéîí,ORL
54624000,Êðàñíîçîðåíñêèé ðàéîí,ORL
54625000,Êðîìñêîé ðàéîí,ORL
54626000,Êîðñàêîâñêèé ðàéîí,ORL
54629000,Ëèâåíñêèé ðàéîí,ORL
54632000,Ìàëîàðõàíãåëüñêèé ðàéîí,ORL
54636000,Ìöåíñêèé ðàéîí,ORL
54639000,Íîâîäåðåâåíüêîâñêèé ðàéîí,ORL
54643000,Íîâîñèëüñêèé ðàéîí,ORL
54647000,Îðëîâñêèé ðàéîí,ORL
54650000,Ïîêðîâñêèé ðàéîí,ORL
54652000,Ñâåðäëîâñêèé ðàéîí,ORL
54653000,Ñîñêîâñêèé ðàéîí,ORL
54654000,Òðîñíÿíñêèé ðàéîí,ORL
54655000,Óðèöêèé ðàéîí,ORL
54657000,Õîòûíåöêèé ðàéîí,ORL
54659000,Øàáëûêèíñêèé ðàéîí,ORL
54701000,Îð¸ë,ORL
5602000,Àíó÷èíñêèé ðàéîí,PRI
5607000,Äàëüíåðå÷åíñêèé ðàéîí,PRI
5610000,Êàâàëåðîâñêèé ðàéîí,PRI
5612000,Êèðîâñêèé ðàéîí,PRI
5614000,Êðàñíîàðìåéñêèé ðàéîí,PRI
5617000,Ëàçîâñêèé ðàéîí,PRI
5620000,Ìèõàéëîâñêèé ðàéîí,PRI
5623000,Íàäåæäèíñêèé ðàéîí,PRI
5626000,Îêòÿáðüñêèé ðàéîí,PRI
5628000,Îëüãèíñêèé ðàéîí,PRI
5630000,Ïàðòèçàíñêèé ðàéîí,PRI
5632000,Ïîãðàíè÷íûé ðàéîí,PRI
5634000,Ïîæàðñêèé ðàéîí,PRI
5637000,Ñïàññêèé ðàéîí,PRI
5640000,Òåðíåéñêèé ðàéîí,PRI
5646000,Õàíêàéñêèé ðàéîí,PRI
5648000,Õàñàíñêèé ðàéîí,PRI
5650000,Õîðîëüñêèé ðàéîí,PRI
5653000,×åðíèãîâñêèé ðàéîí,PRI
5655000,×óãóåâñêèé ðàéîí,PRI
5657000,Øêîòîâñêèé ðàéîí,PRI
5659000,ßêîâëåâñêèé ðàéîí,PRI
56603000,Áàøìàêîâñêèé ðàéîí,PEN
56606000,Ñïàññêèé ðàéîí,PEN
56609000,Áåêîâñêèé ðàéîí,PEN
56612000,Áåëèíñêèé ðàéîí,PEN
56613000,Áåññîíîâñêèé ðàéîí,PEN
56615000,Âàäèíñêèé ðàéîí,PEN
56618000,Ãîðîäèùåíñêèé ðàéîí,PEN
56623000,Çåìåò÷èíñêèé ðàéîí,PEN
56626000,Èññèíñêèé ðàéîí,PEN
56629000,Êàìåíñêèé ðàéîí,PEN
56631000,Êàìåøêèðñêèé ðàéîí,PEN
56633000,Êîëûøëåéñêèé ðàéîí,PEN
56640000,Êóçíåöêèé ðàéîí,PEN
56642000,Ëîïàòèíñêèé ðàéîí,PEN
56643000,Ëóíèíñêèé ðàéîí,PEN
56644000,Ìàëîñåðäîáèíñêèé ðàéîí,PEN
56645000,Ìîêøàíñêèé ðàéîí,PEN
56647000,Íàðîâ÷àòñêèé ðàéîí,PEN
56649000,Íåâåðêèíñêèé ðàéîí,PEN
56651000,Íèæíåëîìîâñêèé ðàéîí,PEN
56653000,Íèêîëüñêèé ðàéîí,PEN
56654000,Ïà÷åëìñêèé ðàéîí,PEN
56655000,Ïåíçåíñêèé ðàéîí,PEN
56656000,Ñåðäîáñêèé ðàéîí,PEN
56657000,Ñîñíîâîáîðñêèé ðàéîí,PEN
56658000,Òàìàëèíñêèé ðàéîí,PEN
56659000,Øåìûøåéñêèé ðàéîí,PEN
56701000,ãîðîäñêîé îêðóã Ïåíçà,PEN
56705000,ãîðîäñêîé îêðóã Êóçíåöê,PEN
56734000,Çàðå÷íûé,PEN
5701000,Âëàäèâîñòîêñêèé îêðóã,PRI
5703000,Àðñåíüåâñêèé îêðóã,PRI
5705000,Àðòåìîâñêèé îêðóã,PRI
5706000,Áîëüøîé Êàìåíü,PRI
5707000,Äàëüíåãîðñêèé îêðóã,PRI
5708000,Äàëüíåðå÷åíñêèé îêðóã,PRI
5711000,Ëåñîçàâîäñêèé îêðóã,PRI
5714000,Íàõîäêèíñêèé îêðóã,PRI
5717000,Ïàðòèçàíñêèé îêðóã,PRI
5720000,Ñïàññê-Äàëüíèé,PRI
5723000,Óññóðèéñêèé îêðóã,PRI
5747000,Ãîðîä Ôîêèíî (ÇÀÒÎ),PRI
57604000,Áàðäûìñêèé ðàéîí,PER
57605000,Àëåêñàíäðîâñêèé ðàéîí,PER
57606000,Áåðåçîâñêèé ðàéîí,PER
57608000,Áîëüøåñîñíîâñêèé ðàéîí,PER
57612000,Âåðåùàãèíñêèé ðàéîí,PER
57614000,Ãîðíîçàâîäñêèé ðàéîí,PER
57615000,Ãðåìÿ÷èíñêèé ðàéîí,PER
57616000,Äîáðÿíñêèé ðàéîí,PER
57617000,Ãóáàõèíñêèé ðàéîí,PER
57618000,Åëîâñêèé ðàéîí,PER
57620000,Èëüèíñêèé ðàéîí,PER
57622000,Êàðàãàéñêèé ðàéîí,PER
57623000,Êèçåëîâñêèé ðàéîí,PER
57624000,Êèøåðòñêèé ðàéîí,PER
57626000,Êðàñíîâèøåðñêèé ðàéîí,PER
57627000,Êðàñíîêàìñêèé ðàéîí,PER
57628000,Êóåäèíñêèé ðàéîí,PER
57630000,Êóíãóðñêèé ðàéîí,PER
57632000,Ëûñüâåíñêèé ðàéîí,PER
57634000,Íûòâåíñêèé ðàéîí,PER
57636000,Îêòÿáðüñêèé ðàéîí,PER
57638000,Îðäèíñêèé ðàéîí,PER
57640000,Îñèíñêèé ðàéîí,PER
57642000,Îõàíñêèé ðàéîí,PER
57644000,Î÷åðñêèé ðàéîí,PER
57646000,Ïåðìñêèé  ðàéîí,PER
57648000,Ñèâèíñêèé ðàéîí,PER
57650000,Ñîëèêàìñêèé ðàéîí,PER
57651000,Ñóêñóíñêèé ðàéîí,PER
57652000,Óèíñêèé ðàéîí,PER
57653000,Óñîëüñêèé ðàéîí,PER
57654000,×àéêîâñêèé ðàéîí,PER
57655000,×àñòèíñêèé ðàéîí,PER
57656000,×åðäûíñêèé ðàéîí,PER
57657000,×åðíóøèíñêèé ðàéîí,PER
57658000,×óñîâñêîé ðàéîí,PER
57701000,Ïåðìü,PER
57708000,Áåðåçíèêîâñêèé ãîðîäñêîé îêðóã,PER
57722000,Êóíãóð,PER
57730000,Ñîëèêàìñê,PER
57763000,Çâåçäíûé,PER
57814000,Ãàéíñêèé ðàéîí,PER
57817000,Êîñèíñêèé ðàéîí,PER
57819000,Êî÷åâñêèé ðàéîí,PER
57821000,Êóäûìêàðñêèé ðàéîí,PER
57825000,Þðëèíñêèé ðàéîí,PER
57827000,Þñüâèíñêèé ðàéîí,PER
57851000,Êóäûìêàð,PER
58604000,Áåæàíèöêèé ðàéîí,PSK
58606000,Âåëèêîëóêñêèé ðàéîí,PSK
58608000,Ãäîâñêèé ðàéîí,PSK
58610000,Äåäîâè÷ñêèé ðàéîí,PSK
58612000,Äíîâñêèé ðàéîí,PSK
58614000,Êðàñíîãîðîäñêèé ðàéîí,PSK
58616000,Êóíüèíñêèé ðàéîí,PSK
58618000,Ëîêíÿíñêèé ðàéîí,PSK
58620000,Íåâåëüñêèé ðàéîí,PSK
58623000,Íîâîðæåâñêèé ðàéîí,PSK
58626000,Íîâîñîêîëüíè÷åñêèé ðàéîí,PSK
58629000,Îïî÷åöêèé ðàéîí,PSK
58633000,Îñòðîâñêèé ðàéîí,PSK
58637000,Ïàëêèíñêèé ðàéîí,PSK
58640000,Ïå÷îðñêèé ðàéîí,PSK
58643000,Ïëþññêèé ðàéîí,PSK
58647000,Ïîðõîâñêèé ðàéîí,PSK
58649000,Ïñêîâñêèé ðàéîí,PSK
58650000,Ïóñòîøêèíñêèé ðàéîí,PSK
58651000,Ïóøêèíîãîðñêèé ðàéîí,PSK
58653000,Ïûòàëîâñêèé ðàéîí,PSK
58654000,Ñåáåæñêèé ðàéîí,PSK
58658000,Óñâÿòñêèé ðàéîí,PSK
58701000,Ïñêîâ,PSK
58710000,Âåëèêèå Ëóêè,PSK
60601000,Àçîâñêèé ðàéîí,ROS
60602000,Àêñàéñêèé ðàéîí,ROS
60605000,Áàãàåâñêèé ðàéîí,ROS
60606000,Áåëîêàëèòâèíñêèé ðàéîí,ROS
60607000,Áîêîâñêèé ðàéîí,ROS
60608000,Âåðõíåäîíñêîé ðàéîí,ROS
60609000,Âåñåëîâñêèé ðàéîí,ROS
60612000,Âîëãîäîíñêîé ðàéîí,ROS
60613000,Äóáîâñêèé ðàéîí,ROS
60615000,Åãîðëûêñêèé ðàéîí,ROS
60617000,Çàâåòèíñêèé ðàéîí,ROS
60618000,Çåðíîãðàäñêèé ðàéîí,ROS
60619000,Çèìîâíèêîâñêèé ðàéîí,ROS
60622000,Êàãàëüíèöêèé ðàéîí,ROS
60623000,Êàìåíñêèé ðàéîí,ROS
60624000,Êàøàðñêèé ðàéîí,ROS
60625000,Êîíñòàíòèíîâñêèé ðàéîí,ROS
60626000,Êðàñíîñóëèíñêèé ðàéîí,ROS
60627000,Êóéáûøåâñêèé ðàéîí,ROS
60630000,Ìàðòûíîâñêèé ðàéîí,ROS
60631000,Ìàòâååâî-Êóðãàíñêèé ðàéîí,ROS
60632000,Ìèëëåðîâñêèé ðàéîí,ROS
60633000,Ìèëþòèíñêèé ðàéîí,ROS
60634000,Ìîðîçîâñêèé ðàéîí,ROS
60635000,Ìÿñíèêîâñêèé ðàéîí,ROS
60636000,Íåêëèíîâñêèé ðàéîí,ROS
60640000,Îáëèâñêèé ðàéîí,ROS
60641000,Îêòÿáðüñêèé ðàéîí,ROS
60642000,Îðëîâñêèé ðàéîí,ROS
60644000,Ïåñ÷àíîêîïñêèé ðàéîí,ROS
60645000,Ïðîëåòàðñêèé ðàéîí,ROS
60647000,Ðåìîíòíåíñêèé ðàéîí,ROS
60648000,Ðîäèîíîâî-Íåñâåòàéñêèé ðàéîí,ROS
60650000,Ñàëüñêèé ðàéîí,ROS
60651000,Ñåìèêàðàêîðñêèé ðàéîí,ROS
60652000,Ñîâåòñêèé ðàéîí,ROS
60653000,Òàðàñîâñêèé ðàéîí,ROS
60654000,Òàöèíñêèé ðàéîí,ROS
60655000,Óñòü-Äîíåöêèé ðàéîí,ROS
60656000,Öåëèíñêèé ðàéîí,ROS
60657000,Öèìëÿíñêèé ðàéîí,ROS
60658000,×åðòêîâñêèé ðàéîí,ROS
60659000,Øîëîõîâñêèé ðàéîí,ROS
60701000,Ðîñòîâ-íà-Äîíó,ROS
60704000,Àçîâ,ROS
60707000,Áàòàéñê,ROS
60712000,Âîëãîäîíñê,ROS
60715000,Ãóêîâî,ROS
60717000,Äîíåöê,ROS
60718000,Çâåðåâî,ROS
60719000,Êàìåíñê-Øàõòèíñêèé,ROS
60727000,Íîâî÷åðêàññê,ROS
60730000,Íîâîøàõòèíñê,ROS
60737000,Òàãàíðîã,ROS
60740000,Øàõòû,ROS
61602000,Åðìèøèíñêèé ðàéîí,RYA
61604000,Çàõàðîâñêèé ðàéîí,RYA
61606000,Êàäîìñêèé ðàéîí,RYA
61608000,Êàñèìîâñêèé ðàéîí,RYA
61610000,Êëåïèêîâñêèé ðàéîí,RYA
61612000,Êîðàáëèíñêèé ðàéîí,RYA
61615000,Ìèëîñëàâñêèé ðàéîí,RYA
61617000,Ìèõàéëîâñêèé ðàéîí,RYA
61620000,Íîâîäåðåâåíñêèé ðàéîí,RYA
61623000,Ïèòåëèíñêèé ðàéîí,RYA
61625000,Ïðîíñêèé ðàéîí,RYA
61626000,Ïóòÿòèíñêèé ðàéîí,RYA
61627000,Ðûáíîâñêèé ðàéîí,RYA
61630000,Ðÿæñêèé ðàéîí,RYA
61634000,Ðÿçàíñêèé ðàéîí,RYA
61637000,Ñàïîæêîâñêèé  ðàéîí,RYA
61640000,Ñàðàåâñêèé ðàéîí,RYA
61642000,Ñàñîâñêèé ðàéîí,RYA
61644000,Ñêîïèíñêèé ðàéîí,RYA
61646000,Ñïàññêèé ðàéîí,RYA
61648000,Ñòàðîæèëîâñêèé ðàéîí,RYA
61650000,Óõîëîâñêèé ðàéîí,RYA
61653000,×ó÷êîâñêèé ðàéîí,RYA
61656000,Øàöêèé ðàéîí,RYA
61658000,Øèëîâñêèé ðàéîí,RYA
61701000,ãîðîäñêîé îêðóã Ðÿçàíü,RYA
61705000,Êàñèìîâ,RYA
61710000,Ñàñîâî,RYA
61715000,Ñêîïèí,RYA
63602000,Àëåêñàíäðîâî-Ãàéñêèé ðàéîí,SAR
63603000,Àðêàäàêñêèé ðàéîí,SAR
63604000,Àòêàðñêèé ðàéîí,SAR
63606000,Áàçàðíî-Êàðàáóëàêñêèé ðàéîí,SAR
63607000,Áàëàêîâñêèé ðàéîí,SAR
63608000,Áàëàøîâñêèé ðàéîí,SAR
63609000,Áàëòàéñêèé ðàéîí,SAR
63611000,Âîëüñêèé ðàéîí,SAR
63612000,Âîñêðåñåíñêèé ðàéîí,SAR
63613000,Äåðãà÷åâñêèé ðàéîí,SAR
63614000,Äóõîâíèöêèé ðàéîí,SAR
63616000,Åêàòåðèíîâñêèé ðàéîí,SAR
63617000,Åðøîâñêèé ðàéîí,SAR
63619000,Èâàíòååâñêèé ðàéîí,SAR
63621000,Êàëèíèíñêèé ðàéîí,SAR
63622000,Êðàñíîàðìåéñêèé ðàéîí,SAR
63623000,Êðàñíîêóòñêèé ðàéîí,SAR
63624000,Êðàñíîïàðòèçàíñêèé ðàéîí,SAR
63625000,Ëûñîãîðñêèé ðàéîí,SAR
63626000,Ìàðêñîâñêèé ðàéîí,SAR
63629000,Íîâîáóðàññêèé ðàéîí,SAR
63630000,Íîâîóçåíñêèé ðàéîí,SAR
63632000,Îçèíñêèé ðàéîí,SAR
63634000,Ïåðåëþáñêèé ðàéîí,SAR
63635000,Ïåòðîâñêèé ðàéîí,SAR
63636000,Ïèòåðñêèé ðàéîí,SAR
63637000,Ïóãà÷¸âñêèé ðàéîí,SAR
63639000,Ðîâåíñêèé ðàéîí,SAR
63640000,Ðîìàíîâñêèé ðàéîí,SAR
63641000,Ðòèùåâñêèé ðàéîí,SAR
63642000,Ñàìîéëîâñêèé ðàéîí,SAR
63643000,Ñàðàòîâñêèé ðàéîí,SAR
63644000,Ñîâåòñêèé ðàéîí,SAR
63646000,Òàòèùåâñêèé ðàéîí,SAR
63647000,Òóðêîâñêèé ðàéîí,SAR
63648000,Ô¸äîðîâñêèé ðàéîí,SAR
63649000,Õâàëûíñêèé ðàéîí,SAR
63650000,Ýíãåëüññêèé ðàéîí,SAR
63701000,Ñàðàòîâ,SAR
63746000,Øèõàíû,SAR
63760000,Ìèõàéëîâñêèé,SAR
63775000,Ñâåòëûé,SAR
64652000,Óãëåãîðñêèé ðàéîí,SHL
64701000,ãîðîä Þæíî-Ñàõàëèíñê,SHL
64704000,Àëåêñàíäðîâñê-Ñàõàëèíñêèé ðàéîí,SHL
64708000,Àíèâñêèé ðàéîí,SHL
64709000,ãîðîäñêîé îêðóã Âàõðóøåâ,SHL
64712000,Äîëèíñêèé ðàéîí,SHL
64716000,Êîðñàêîâñêèé ðàéîí,SHL
64720000,Êóðèëüñêèé ðàéîí,SHL
64724000,Ìàêàðîâñêèé ðàéîí,SHL
64728000,Íåâåëüñêèé ðàéîí,SHL
64732000,Íîãëèêñêèé ðàéîí,SHL
64736000,Îõèíñêèé ðàéîí,SHL
64740000,Ïîðîíàéñêèé ðàéîí,SHL
64743000,Ñåâåðî-Êóðèëüñêèé ðàéîí,SHL
64746000,Ñìèðíûõîâñêèé ðàéîí,SHL
64748000,Òîìàðèíñêèé ðàéîí,SHL
64750000,Òûìîâñêèé ðàéîí,SHL
64754000,Õîëìñêèé ðàéîí,SHL
64756000,Þæíî-Êóðèëüñêèé ðàéîí,SHL
65608000,Áàéêàëîâñêèé ìóíèöèïàëüíûé ðàéîí,SVE
65623000,Êàìûøëîâñêèé ìóíèöèïàëüíûé ðàéîí,SVE
65628000,Íèæíåñåðãèíñêèé ìóíèöèïàëüíûé ðàéîí,SVE
65639000,Ñëîáîäî-Òóðèíñêèé ìóíèöèïàëüíûé ðàéîí,SVE
65645000,Òàáîðèíñêèé ìóíèöèïàëüíûé ðàéîí,SVE
65701000,ìóíèöèïàëüíîå îáðàçîâàíèå ãîðîä Åêàòåðèíáóðã,SVE
65702000,Àëàïàåâñêîå ìóíèöèïàëüíîå îáðàçîâàíèå,SVE
65703000,Àðò¸ìîâñêèé ãîðîäñêîé îêðóã,SVE
65704000,Àðòèíñêèé ãîðîäñêîé îêðóã,SVE
65705000,À÷èòñêèé ãîðîäñêîé îêðóã,SVE
65706000,Áåëîÿðñêèé ãîðîäñêîé îêðóã,SVE
65707000,ãîðîäñêîé îêðóã Áîãäàíîâè÷,SVE
65708000,Âåðõíåñàëäèíñêèé ãîðîäñêîé îêðóã,SVE
65709000,ãîðîäñêîé îêðóã Âåðõîòóðñêèé,SVE
65710000,Ãàðèíñêèé ãîðîäñêîé îêðóã,SVE
65711000,Èðáèòñêîå ìóíèöèïàëüíîå îáðàçîâàíèå,SVE
65712000,Êàìåíñêèé ãîðîäñêîé îêðóã,SVE
65713000,ìóíèöèïàëüíîå îáðàçîâàíèå Êðàñíîóôèìñêèé îêðóã,SVE
65714000,Íåâüÿíñêèé ãîðîäñêîé îêðóã,SVE
65715000,Íèæíåòóðèíñêèé ãîðîäñêîé îêðóã,SVE
65716000,Íîâîëÿëèíñêèé ãîðîäñêîé îêðóã,SVE
65717000,Ãîðíîóðàëüñêèé ãîðîäñêîé îêðóã,SVE
65718000,Ïûøìèíñêèé ãîðîäñêîé îêðóã,SVE
65719000,ãîðîäñêîé îêðóã Ðåâäà,SVE
65720000,Ðåæåâñêîé ãîðîäñêîé îêðóã,SVE
65721000,Ñîñüâèíñêèé ãîðîäñêîé îêðóã,SVE
65722000,Ñûñåðòñêèé ãîðîäñêîé îêðóã,SVE
65723000,Òàâäèíñêèé ãîðîäñêîé îêðóã,SVE
65724000,Òàëèöêèé ãîðîäñêîé îêðóã,SVE
65725000,Òóãóëûìñêèé ãîðîäñêîé îêðóã,SVE
65726000,Òóðèíñêèé ãîðîäñêîé îêðóã,SVE
65727000,Øàëèíñêèé ãîðîäñêîé îêðóã,SVE
65728000,ìóíèöèïàëüíîå îáðàçîâàíèå ãîðîä Àëàïàåâñê,SVE
65729000,Àðàìèëüñêèé ãîðîäñêîé îêðóã,SVE
65730000,Àñáåñòîâñêèé ãîðîäñêîé îêðóã,SVE
65731000,Áåð¸çîâñêèé ãîðîäñêîé îêðóã,SVE
65732000,ãîðîäñêîé îêðóã Âåðõíÿÿ Ïûøìà,SVE
65733000,ãîðîäñêîé îêðóã Âåðõíèé Òàãèë,SVE
65734000,ãîðîäñêîé îêðóã Âåðõíÿÿ Òóðà,SVE
65735000,Âîë÷àíñêèé ãîðîäñêîé îêðóã,SVE
65736000,ãîðîäñêîé îêðóã Äåãòÿðñê,SVE
65737000,ãîðîäñêîé îêðóã Çàðå÷íûé,SVE
65738000,Èâäåëüñêèé ãîðîäñêîé îêðóã,SVE
65739000,ìóíèöèïàëüíîå îáðàçîâàíèå ãîðîä Èðáèò,SVE
65740000,ãîðîäñêîé îêðóã Êàìåíñê-Óðàëüñêèé,SVE
65741000,Êàìûøëîâñêèé ãîðîäñêîé îêðóã,SVE
65742000,ãîðîäñêîé îêðóã Êàðïèíñê,SVE
65743000,Êà÷êàíàðñêèé ãîðîäñêîé îêðóã,SVE
65744000,Êèðîâãðàäñêèé ãîðîäñêîé îêðóã,SVE
65745000,ãîðîäñêîé îêðóã Êðàñíîòóðüèíñê,SVE
65746000,ãîðîäñêîé îêðóã Êðàñíîóðàëüñê,SVE
65747000,ãîðîäñêîé îêðóã Êðàñíîóôèìñê,SVE
65748000,Êóøâèíñêèé ãîðîäñêîé îêðóã,SVE
65749000,ãîðîäñêîé îêðóã ãîðîä Ëåñíîé,SVE
65750000,ãîðîäñêîé îêðóã Íèæíÿÿ Ñàëäà,SVE
65751000,ãîðîäñêîé îêðóã Íèæíèé Òàãèë,SVE
65752000,Íîâîóðàëüñêèé ãîðîäñêîé îêðóã,SVE
65753000,ãîðîäñêîé îêðóã Ïåðâîóðàëüñê,SVE
65754000,Ïîëåâñêîé ãîðîäñêîé îêðóã,SVE
65755000,Ñåâåðîóðàëüñêèé ãîðîäñêîé îêðóã,SVE
65756000,Ñåðîâñêèé ãîðîäñêîé îêðóã,SVE
65757000,ãîðîäñêîé îêðóã Ñðåäíåóðàëüñê,SVE
65758000,ãîðîäñêîé îêðóã Ñóõîé Ëîã,SVE
65759000,Áèñåðòñêèé ãîðîäñêîé îêðóã,SVE
65760000,ãîðîäñêîé îêðóã Âåðõíåå Äóáðîâî,SVE
65761000,ãîðîäñêîé îêðóã Âåðõ-Íåéâèíñêèé,SVE
65762000,ãîðîäñêîé îêðóã Ìàëûøåâà,SVE
65763000,Ðåôòèíñêèé ãîðîäñêîé îêðóã,SVE
65764000,ãîðîäñêîé îêðóã Ïåëûì,SVE
65765000,ãîðîäñêîé îêðóã ÇÀÒÎ Ñâîáîäíûé,SVE
65766000,ãîðîäñêîé îêðóã Ñòàðîóòêèíñê,SVE
65767000,ìóíèöèïàëüíîå îáðàçîâàíèå ïîñ¸ëîê Óðàëüñêèé,SVE
66603000,Âåëèæñêèé ðàéîí,SMO
66605000,Âÿçåìñêèé ðàéîí,SMO
66608000,Ãàãàðèíñêèé ðàéîí,SMO
66609000,Ãëèíêîâñêèé ðàéîí,SMO
66611000,Äåìèäîâñêèé ðàéîí,SMO
66614000,Äîðîãîáóæñêèé ðàéîí,SMO
66616000,Äóõîâùèíñêèé ðàéîí,SMO
66619000,Åëüíèíñêèé ðàéîí,SMO
66621000,Åðøè÷ñêèé ðàéîí,SMO
66623000,Êàðäûìîâñêèé ðàéîí,SMO
66624000,Êðàñíèíñêèé ðàéîí,SMO
66627000,Ìîíàñòûðùèíñêèé ðàéîí,SMO
66630000,Íîâîäóãèíñêèé ðàéîí,SMO
66633000,Ïî÷èíêîâñêèé ðàéîí,SMO
66636000,Ðîñëàâëüñêèé ðàéîí,SMO
66638000,Ðóäíÿíñêèé ðàéîí,SMO
66641000,Ñàôîíîâñêèé ðàéîí,SMO
66644000,Ñìîëåíñêèé ðàéîí,SMO
66646000,Ñû÷¸âñêèé ðàéîí,SMO
66648000,Òåìêèíñêèé ðàéîí,SMO
66650000,Óãðàíñêèé ðàéîí,SMO
66652000,Õèñëàâè÷ñêèé ðàéîí,SMO
66654000,Õîëì-Æèðêîâñêèé ðàéîí,SMO
66656000,Øóìÿ÷ñêèé ðàéîí,SMO
66658000,ßðöåâñêèé ðàéîí,SMO
66701000,Ñìîëåíñê,SMO
66710000,ãîðîäñêîé îêðóã Äåñíîãîðñê,SMO
68602000,Áîíäàðñêèé ðàéîí,TAM
68603000,Ãàâðèëîâñêèé ðàéîí,TAM
68604000,Æåðäåâñêèé ðàéîí,TAM
68606000,Çíàìåíñêèé ðàéîí,TAM
68608000,Èíæàâèíñêèé ðàéîí,TAM
68610000,Êèðñàíîâñêèé ðàéîí,TAM
68612000,Ìè÷óðèíñêèé ðàéîí,TAM
68614000,Ìîðäîâñêèé ðàéîí,TAM
68616000,Ìîðøàíñêèé ðàéîí,TAM
68618000,Ìó÷êàïñêèé ðàéîí,TAM
68620000,Íèêèôîðîâñêèé ðàéîí,TAM
68622000,Ïåðâîìàéñêèé ðàéîí,TAM
68624000,Ïåòðîâñêèé ðàéîí,TAM
68626000,Ïè÷àåâñêèé ðàéîí,TAM
68628000,Ðàññêàçîâñêèé ðàéîí,TAM
68630000,Ðæàêñèíñêèé ðàéîí,TAM
68632000,Ñàìïóðñêèé ðàéîí,TAM
68634000,Ñîñíîâñêèé ðàéîí,TAM
68636000,Ñòàðîþðüåâñêèé ðàéîí,TAM
68640000,Òàìáîâñêèé ðàéîí,TAM
68642000,Òîêàðåâñêèé ðàéîí,TAM
68644000,Óâàðîâñêèé ðàéîí,TAM
68646000,Óìåòñêèé ðàéîí,TAM
68701000,ãîðîäñêîé îêðóã Òàìáîâ,TAM
68705000,ãîðîäñêîé îêðóã Êèðñàíîâ,TAM
68710000,ãîðîäñêîé îêðóã Êîòîâñê,TAM
68715000,ãîðîäñêîé îêðóã Ìè÷óðèíñê,TAM
68720000,ãîðîäñêîé îêðóã Ìîðøàíñê,TAM
68725000,ãîðîäñêîé îêðóã Ðàññêàçîâî,TAM
68730000,ãîðîäñêîé îêðóã Óâàðîâî,TAM
69604000,Àëåêñàíäðîâñêèé ðàéîí,TOM
69608000,Àñèíîâñêèé ðàéîí,TOM
69612000,Áàê÷àðñêèé ðàéîí,TOM
69616000,Âåðõíåêåòñêèé ðàéîí,TOM
69620000,Çûðÿíñêèé ðàéîí,TOM
69624000,Êàðãàñîêñêèé ðàéîí,TOM
69628000,Êîæåâíèêîâñêèé ðàéîí,TOM
69632000,Êîëïàøåâñêèé ðàéîí,TOM
69636000,Êðèâîøåèíñêèé ðàéîí,TOM
69640000,Ìîë÷àíîâñêèé ðàéîí,TOM
69644000,Ïàðàáåëüñêèé ðàéîí,TOM
69648000,Ïåðâîìàéñêèé ðàéîí,TOM
69652000,Òåãóëüäåòñêèé ðàéîí,TOM
69654000,Òîìñêèé ðàéîí,TOM
69656000,×àèíñêèé ðàéîí,TOM
69658000,Øåãàðñêèé ðàéîí,TOM
69701000,Òîìñê,TOM
69707000,Ïóäèíñêîå,TOM
69710000,Ñòðåæåâîé,TOM
69741000,Ñåâåðñê,TOM
70602000,Àëåêñèíñêèé ðàéîí,TUL
70604000,Àðñåíüåâñêèé ðàéîí,TUL
70606000,Áåëåâñêèé ðàéîí,TUL
70608000,Áîãîðîäèöêèé ðàéîí,TUL
70612000,Âåíåâñêèé ðàéîí,TUL
70616000,Âîëîâñêèé ðàéîí,TUL
70618000,Äóáåíñêèé ðàéîí,TUL
70620000,Åôðåìîâñêèé ðàéîí,TUL
70622000,Çàîêñêèé ðàéîí,TUL
70624000,Êàìåíñêèé ðàéîí,TUL
70626000,Êèìîâñêèé ðàéîí,TUL
70628000,Êèðååâñêèé ðàéîí,TUL
70630000,Êóðêèíñêèé ðàéîí,TUL
70632000,Ëåíèíñêèé ðàéîí,TUL
70636000,Îäîåâñêèé ðàéîí,TUL
70638000,Ïëàâñêèé ðàéîí,TUL
70640000,Ñóâîðîâñêèé ðàéîí,TUL
70642000,Òåïëî-Îãàðåâñêèé ðàéîí,TUL
70644000,Óçëîâñêèé ðàéîí,TUL
70646000,×åðíñêèé ðàéîí,TUL
70648000,Ù¸êèíñêèé ðàéîí,TUL
70650000,ßñíîãîðñêèé ðàéîí,TUL
70701000,Òóëà,TUL
70702000,ðàáî÷èé ïîñåëîê Íîâîãóðîâñêèé,TUL
70712000,Äîíñêîé,TUL
70724000,Íîâîìîñêîâñê,TUL
70730000,Ñëàâíûé,TUL
71603000,Àáàòñêèé ðàéîí,TUM
71605000,Àðìèçîíñêèé ðàéîí,TUM
71607000,Àðîìàøåâñêèé ðàéîí,TUM
71610000,Áåðäþæñêèé ðàéîí,TUM
71613000,Âàãàéñêèé ðàéîí,TUM
71615000,Âèêóëîâñêèé ðàéîí,TUM
71618000,Ãîëûøìàíîâñêèé ðàéîí,TUM
71624000,Èñåòñêèé ðàéîí,TUM
71626000,Èøèìñêèé ðàéîí,TUM
71630000,Êàçàíñêèé ðàéîí,TUM
71632000,Íèæíåòàâäèíñêèé ðàéîí,TUM
71634000,Îìóòèíñêèé ðàéîí,TUM
71636000,Ñëàäêîâñêèé ðàéîí,TUM
71638000,Ñîðîêèíñêèé ðàéîí,TUM
71642000,Òîáîëüñêèé ðàéîí,TUM
71644000,Òþìåíñêèé ðàéîí,TUM
71648000,Óâàòñêèé ðàéîí,TUM
71650000,Óïîðîâñêèé ðàéîí,TUM
71653000,Þðãèíñêèé ðàéîí,TUM
71656000,ßëóòîðîâñêèé ðàéîí,TUM
71658000,ßðêîâñêèé ðàéîí,TUM
71701000,Òþìåíü,TUM
71703000,Çàâîäîóêîâñê,TUM
71705000,Èøèì,TUM
71710000,Òîáîëüñê,TUM
71715000,ßëóòîðîâñê,TUM
71811000,Áåëîÿðñêèé ðàéîí,HMN
71812000,Áåð¸çîâñêèé ðàéîí,HMN
71816000,Êîíäèíñêèé ðàéîí,HMN
71818000,Íåôòåþãàíñêèé ðàéîí,HMN
71819000,Íèæíåâàðòîâñêèé ðàéîí,HMN
71821000,Îêòÿáðüñêèé ðàéîí,HMN
71824000,Ñîâåòñêèé ðàéîí,HMN
71826000,Ñóðãóòñêèé ðàéîí,HMN
71829000,Õàíòû-Ìàíñèéñêèé ðàéîí,HMN
71871000,ãîðîä Õàíòû-Ìàíñèéñê,HMN
71872000,ãîðîä Ëàíãåïàñ,HMN
71873000,ãîðîä Ìåãèîí,HMN
71874000,ãîðîä Íåôòåþãàíñê,HMN
71875000,ãîðîä Íèæíåâàðòîâñê,HMN
71876000,ãîðîä Ñóðãóò,HMN
71877000,ãîðîä Ðàäóæíûé,HMN
71878000,ãîðîä Óðàé,HMN
71879000,Ãîðîäñêîé îêðóã Íÿãàíü,HMN
71883000,Êîãàëûìñêèé ãîðîäñêîé îêðóã,HMN
71884000,ãîðîä Ïîêà÷è,HMN
71885000,ãîðîä Ïûòü-ßõ,HMN
71887000,ãîðîä Þãîðñê,HMN
71913000,Êðàñíîñåëüêóïñêèé ðàéîí,YAN
71916000,Íàäûìñêèé ðàéîí,YAN
71918000,Ïðèóðàëüñêèé ðàéîí,YAN
71920000,Ïóðîâñêèé ðàéîí,YAN
71923000,Òàçîâñêèé ðàéîí,YAN
71926000,Øóðûøêàðñêèé ðàéîí,YAN
71928000,ßìàëüñêèé ðàéîí,YAN
71951000,ãîðîä Ñàëåõàðä,YAN
71952000,ãîðîä Ãóáêèíñêèé,YAN
71953000,ãîðîä Ëàáûòíàíãè,YAN
71955000,ãîðîä Ìóðàâëåíêî,YAN
71956000,Íîâûé Óðåíãîé,YAN
71958000,ãîðîä Íîÿáðüñê,YAN
73602000,Áàçàðíîñûçãàíñêèé ðàéîí,ULY
73604000,Áàðûøñêèé ðàéîí,ULY
73607000,Âåøêàéìñêèé ðàéîí,ULY
73610000,Èíçåíñêèé ðàéîí,ULY
73614000,Êàðñóíñêèé ðàéîí,ULY
73616000,Êóçîâàòîâñêèé ðàéîí,ULY
73620000,Ìàéíñêèé ðàéîí,ULY
73622000,Ìåëåêåññêèé ðàéîí,ULY
73625000,Íèêîëàåâñêèé ðàéîí,ULY
73627000,Íîâîìàëûêëèíñêèé ðàéîí,ULY
73629000,Íîâîñïàññêèé ðàéîí,ULY
73632000,Ïàâëîâñêèé ðàéîí,ULY
73634000,Ðàäèùåâñêèé ðàéîí,ULY
73636000,Ñåíãèëååâñêèé ðàéîí,ULY
73639000,Ñòàðîêóëàòêèíñêèé ðàéîí,ULY
73642000,Ñòàðîìàéíñêèé ðàéîí,ULY
73644000,Ñóðñêèé ðàéîí,ULY
73648000,Òåðåíüãóëüñêèé ðàéîí,ULY
73652000,Óëüÿíîâñêèé ðàéîí,ULY
73654000,Öèëüíèíñêèé ðàéîí,ULY
73656000,×åðäàêëèíñêèé ðàéîí,ULY
73701000,ãîðîä Óëüÿíîâñê,ULY
73705000,Äèìèòðîâãðàä,ULY
73715000,Íîâîóëüÿíîâñê,ULY
75603000,Àãàïîâñêèé ðàéîí,CHE
75606000,Àðãàÿøñêèé ðàéîí,CHE
75609000,Àøèíñêèé ðàéîí,CHE
75612000,Áðåäèíñêèé ðàéîí,CHE
75614000,Âàðíåíñêèé ðàéîí,CHE
75617000,Âåðõíåóðàëüñêèé ðàéîí,CHE
75619000,Åìàíæåëèíñêèé ðàéîí,CHE
75620000,Åòêóëüñêèé ðàéîí,CHE
75623000,Êàðòàëèíñêèé ðàéîí,CHE
75626000,Êàñëèíñêèé ðàéîí,CHE
75629000,Êàòàâ-Èâàíîâñêèé ðàéîí,CHE
75632000,Êèçèëüñêèé ðàéîí,CHE
75633000,Êîðêèíñêèé ðàéîí,CHE
75634000,Êðàñíîàðìåéñêèé ðàéîí,CHE
75636000,Êóíàøàêñêèé ðàéîí,CHE
75638000,Êóñèíñêèé ðàéîí,CHE
75642000,Íàãàéáàêñêèé ðàéîí,CHE
75644000,Íÿçåïåòðîâñêèé ðàéîí,CHE
75647000,Îêòÿáðüñêèé ðàéîí,CHE
75648000,Ïëàñòîâñêèé ðàéîí,CHE
75649000,Ñàòêèíñêèé ðàéîí,CHE
75652000,Ñîñíîâñêèé ðàéîí,CHE
75654000,Òðîèöêèé ðàéîí,CHE
75655000,Óâåëüñêèé ðàéîí,CHE
75656000,Óéñêèé ðàéîí,CHE
75657000,×åáàðêóëüñêèé ðàéîí,CHE
75659000,×åñìåíñêèé ðàéîí,CHE
75701000,×åëÿáèíñêèé ãîðîäñêîé îêðóã,CHE
75706000,Âåðõíåóôàëåéñêèé ãîðîäñêîé îêðóã,CHE
75707000,Òðåõãîðíûé ãîðîäñêîé îêðóã,CHE
75712000,Çëàòîóñòîâñêèé ãîðîäñêîé îêðóã,CHE
75715000,Êàðàáàøñêèé ãîðîäñêîé îêðóã,CHE
75728000,Êîïåéñêèé ãîðîäñêîé îêðóã,CHE
75734000,Êûøòûìñêèé ãîðîäñêîé îêðóã,CHE
75738000,Ìàãíèòîãîðñêèé ãîðîäñêîé îêðóã,CHE
75742000,Ìèàññêèé ãîðîäñêîé îêðóã,CHE
75743000,Îçåðñêèé ãîðîäñêîé îêðóã,CHE
75746000,Ñíåæèíñêèé ãîðîäñêîé îêðóã,CHE
75752000,Òðîèöêèé ãîðîäñêîé îêðóã,CHE
75755000,Óñòü-Êàòàâñêèé ãîðîäñêîé îêðóã,CHE
75758000,×åáàðêóëüñêèé ãîðîäñêîé îêðóã,CHE
75759000,Ëîêîìîòèâíûé ãîðîäñêîé îêðóã,CHE
75764000,Þæíîóðàëüñêèé ãîðîäñêîé îêðóã,CHE
7602000,Àëåêñàíäðîâñêèé ðàéîí,STA
7605000,Àïàíàñåíêîâñêèé ðàéîí,STA
7607000,Àðçãèðñêèé ðàéîí,STA
7610000,Áëàãîäàðíåíñêèé ðàéîí,STA
7612000,Áóäåííîâñêèé ðàéîí,STA
7615000,Ãåîðãèåâñêèé ðàéîí,STA
7617000,Ãðà÷åâñêèé ðàéîí,STA
7620000,Èçîáèëüíåíñêèé ðàéîí,STA
7622000,Èïàòîâñêèé ðàéîí,STA
7625000,Êèðîâñêèé ðàéîí,STA
7628000,Êî÷óáååâñêèé ðàéîí,STA
7630000,Êðàñíîãâàðäåéñêèé ðàéîí,STA
7632000,Àíäðîïîâñêèé ðàéîí,STA
7633000,Êóðñêèé ðàéîí,STA
7636000,Ëåâîêóìñêèé ðàéîí,STA
7639000,Ìèíåðàëîâîäñêèé ðàéîí,STA
7641000,Íåôòåêóìñêèé ðàéîí,STA
7643000,Íîâîàëåêñàíäðîâñêèé ðàéîí,STA
7644000,Íîâîñåëèöêèé ðàéîí,STA
7646000,Ïåòðîâñêèé ðàéîí,STA
7648000,Ïðåäãîðíûé ðàéîí,STA
7650000,Ñîâåòñêèé ðàéîí,STA
7652000,Ñòåïíîâñêèé ðàéîí,STA
7654000,Òðóíîâñêèé ðàéîí,STA
7656000,Òóðêìåíñêèé ðàéîí,STA
7658000,Øïàêîâñêèé ðàéîí,STA
76603000,Àêøèíñêèé ðàéîí,ZAB
76604000,Àëåêñàíäðîâî-Çàâîäñêèé ðàéîí,ZAB
76606000,Áàëåéñêèé ðàéîí,ZAB
76609000,Áîðçèíñêèé ðàéîí,ZAB
76610000,Ãàçèìóðî-Çàâîäñêèé ðàéîí,ZAB
76612000,Çàáàéêàëüñêèé ðàéîí,ZAB
76615000,Êàëàðñêèé ðàéîí,ZAB
76618000,Êàëãàíñêèé ðàéîí,ZAB
76620000,Êàðûìñêèé ðàéîí,ZAB
76621000,Êðàñíîêàìåíñêèé ðàéîí,ZAB
76622000,Êðàñíî÷èêîéñêèé ðàéîí,ZAB
76624000,Êûðèíñêèé ðàéîí,ZAB
76626000,Ìîãî÷èíñêèé ðàéîí,ZAB
76628000,Íåð÷èíñêèé ðàéîí,ZAB
76630000,Íåð÷èíñêî-Çàâîäñêèé ðàéîí,ZAB
76632000,Îëîâÿííèíñêèé ðàéîí,ZAB
76634000,Îíîíñêèé ðàéîí,ZAB
76636000,Ïåòðîâñê-Çàáàéêàëüñêèé ðàéîí,ZAB
76638000,Ïðèàðãóíñêèé ðàéîí,ZAB
76640000,Ñðåòåíñêèé ðàéîí,ZAB
76642000,Òóíãèðî-Îëåêìèíñêèé ðàéîí,ZAB
76644000,Òóíãîêî÷åíñêèé ðàéîí,ZAB
76646000,Óëåòîâñêèé ðàéîí,ZAB
76647000,Õèëîêñêèé ðàéîí,ZAB
76648000,×åðíûøåâñêèé ðàéîí,ZAB
76650000,×èòèíñêèé ðàéîí,ZAB
76652000,Øåëîïóãèíñêèé ðàéîí,ZAB
76654000,Øèëêèíñêèé ðàéîí,ZAB
76701000,ãîðîäñêîé îêðóã ×èòà,ZAB
76715000,ãîðîäñêîé îêðóã Ïåòðîâñê-Çàáàéêàëüñêèé,ZAB
76822000,Àãèíñêèé ðàéîí,ZAB
76825000,Äóëüäóðãèíñêèé ðàéîí,ZAB
76828000,Ìîãîéòóéñêèé ðàéîí,ZAB
7701000,Ñòàâðîïîëü,STA
7702000,Áóä¸ííîâñê,STA
7707000,Ãåîðãèåâñê,STA
7710000,Åññåíòóêè,STA
7712000,Æåëåçíîâîäñê,STA
7715000,Êèñëîâîäñê,STA
7718000,Ëåðìîíòîâ,STA
7724000,Íåâèííîìûññê,STA
7727000,Ïÿòèãîðñê,STA
77603000,Àíàäûðñêèé ðàéîí,CHU
77609000,Áèëèáèíñêèé ðàéîí,CHU
77615000,Èóëüòèíñêèé ðàéîí,CHU
77620000,Ïðîâèäåíñêèé ðàéîí,CHU
77630000,×àóíñêèé ðàéîí,CHU
77633000,×óêîòñêèé ðàéîí,CHU
77701000,ãîðîäñêîé îêðóã Àíàäûðü,CHU
78603000,Áîëüøåñåëüñêèé ðàéîí,YAR
78606000,Áîðèñîãëåáñêèé ðàéîí,YAR
78609000,Áðåéòîâñêèé ðàéîí,YAR
78612000,Ãàâðèëîâ-ßìñêèé ðàéîí,YAR
78615000,Äàíèëîâñêèé ðàéîí,YAR
78618000,Ëþáèìñêèé ðàéîí,YAR
78621000,Ìûøêèíñêèé ðàéîí,YAR
78623000,Íåêîóçñêèé ðàéîí,YAR
78626000,Íåêðàñîâñêèé ðàéîí,YAR
78629000,Ïåðâîìàéñêèé ðàéîí,YAR
78632000,Ïåðåñëàâñêèé ðàéîí,YAR
78634000,Ïîøåõîíñêèé ðàéîí,YAR
78637000,Ðîñòîâñêèé ðàéîí,YAR
78640000,Ðûáèíñêèé ðàéîí,YAR
78643000,Òóòàåâñêèé ðàéîí,YAR
78646000,Óãëè÷ñêèé ðàéîí,YAR
78650000,ßðîñëàâñêèé ðàéîí,YAR
78701000,ãîðîäñêîé îêðóã ßðîñëàâëü,YAR
78705000,Ïåðåñëàâëü-Çàëåññêèé,YAR
79605000,Ãèàãèíñêèé ðàéîí,ADY
79615000,Êîøåõàáëüñêèé ðàéîí,ADY
79618000,Êðàñíîãâàðäåéñêèé ðàéîí,ADY
79622000,Ìàéêîïñêèé ðàéîí,ADY
79630000,Òàõòàìóêàéñêèé ðàéîí,ADY
79633000,Òåó÷åæñêèé ðàéîí,ADY
79640000,Øîâãåíîâñêèé ðàéîí,ADY
79701000,ãîðîäñêîé îêðóã Ìàéêîï,ADY
79703000,Àäûãåéñê,ADY
80601000,Àáçåëèëîâñêèé ðàéîí,BAS
80602000,Àëüøååâñêèé ðàéîí,BAS
80603000,Àðõàíãåëüñêèé ðàéîí,BAS
80604000,Àñêèíñêèé ðàéîí,BAS
80605000,Àóðãàçèíñêèé ðàéîí,BAS
80606000,Áàéìàêñêèé ðàéîí,BAS
80607000,Áàêàëèíñêèé ðàéîí,BAS
80608000,Áàëòà÷åâñêèé ðàéîí,BAS
80609000,Áåëåáååâñêèé ðàéîí,BAS
80610000,Áåëîêàòàéñêèé ðàéîí,BAS
80611000,Áåëîðåöêèé ðàéîí,BAS
80612000,Áèæáóëÿêñêèé ðàéîí,BAS
80613000,Áèðñêèé ðàéîí,BAS
80614000,Áëàãîâàðñêèé ðàéîí,BAS
80615000,Áëàãîâåùåíñêèé ðàéîí,BAS
80617000,Áóçäÿêñêèé ðàéîí,BAS
80618000,Áóðàåâñêèé ðàéîí,BAS
80619000,Áóðçÿíñêèé ðàéîí,BAS
80621000,Ãàôóðèéñêèé ðàéîí,BAS
80622000,Äàâëåêàíîâñêèé ðàéîí,BAS
80623000,Äóâàíñêèé ðàéîí,BAS
80624000,Äþðòþëèíñêèé ðàéîí,BAS
80625000,Åðìåêååâñêèé ðàéîí,BAS
80626000,Çèàí÷óðèíñêèé ðàéîí,BAS
80627000,Çèëàèðñêèé ðàéîí,BAS
80628000,Èãëèíñêèé ðàéîí,BAS
80630000,Èëèøåâñêèé ðàéîí,BAS
80631000,Èøèìáàéñêèé ðàéîí,BAS
80633000,Êàëòàñèíñêèé ðàéîí,BAS
80634000,Êàðàèäåëüñêèé ðàéîí,BAS
80635000,Êàðìàñêàëèíñêèé ðàéîí,BAS
80636000,Êèãèíñêèé ðàéîí,BAS
80637000,Êðàñíîêàìñêèé ðàéîí,BAS
80638000,Êóãàð÷èíñêèé ðàéîí,BAS
80639000,Êóþðãàçèíñêèé ðàéîí,BAS
80640000,Êóøíàðåíêîâñêèé ðàéîí,BAS
80641000,Ìåëåóçîâñêèé ðàéîí,BAS
80642000,Ìå÷åòëèíñêèé ðàéîí,BAS
80643000,Ìèøêèíñêèé ðàéîí,BAS
80644000,Ìèÿêèíñêèé ðàéîí,BAS
80645000,Íóðèìàíîâñêèé ðàéîí,BAS
80647000,Ñàëàâàòñêèé ðàéîí,BAS
80648000,Ñòåðëèáàøåâñêèé ðàéîí,BAS
80649000,Ñòåðëèòàìàêñêèé ðàéîí,BAS
80650000,Òàòûøëèíñêèé ðàéîí,BAS
80651000,Òóéìàçèíñêèé ðàéîí,BAS
80652000,Óôèìñêèé ðàéîí,BAS
80653000,Ó÷àëèíñêèé ðàéîí,BAS
80654000,Ôåäîðîâñêèé ðàéîí,BAS
80655000,Õàéáóëëèíñêèé ðàéîí,BAS
80656000,×åêìàãóøåâñêèé ðàéîí,BAS
80657000,×èøìèíñêèé ðàéîí,BAS
80658000,Øàðàíñêèé ðàéîí,BAS
80659000,ßíàóëüñêèé ðàéîí,BAS
80701000,Óôà,BAS
80703000,ãîðîäñêîé îêðóã Àãèäåëü,BAS
80707000,ÇÀÒÎ Ìåæãîðüå,BAS
80723000,ãîðîäñêîé îêðóã Êóìåðòàó,BAS
80727000,ãîðîäñêîé îêðóã Íåôòåêàìñê,BAS
80735000,ãîðîäñêîé îêðóã Îêòÿáðüñêèé,BAS
80739000,ãîðîä Ñàëàâàò,BAS
80743000,ãîðîäñêîé îêðóã Ñèáàé,BAS
80745000,Ñòåðëèòàìàê,BAS
81603000,Áàðãóçèíñêèé ðàéîí,BUR
81606000,Áàóíòîâñêèé ðàéîí,BUR
81609000,Áè÷óðñêèé ðàéîí,BUR
81612000,Äæèäèíñêèé ðàéîí,BUR
81615000,Åðàâíèíñêèé ðàéîí,BUR
81618000,Çàèãðàåâñêèé ðàéîí,BUR
81621000,Çàêàìåíñêèé ðàéîí,BUR
81622000,Èâîëãèíñêèé ðàéîí,BUR
81624000,Êàáàíñêèé ðàéîí,BUR
81627000,Êèæèíãèíñêèé ðàéîí,BUR
81630000,Êóðóìêàíñêèé ðàéîí,BUR
81633000,Êÿõòèíñêèé ðàéîí,BUR
81635000,Ìóéñêèé ðàéîí,BUR
81636000,Ìóõîðøèáèðñêèé ðàéîí,BUR
81639000,Îêèíñêèé ðàéîí,BUR
81642000,Ïðèáàéêàëüñêèé ðàéîí,BUR
81645000,Ñåâåðî-Áàéêàëüñêèé ðàéîí,BUR
81648000,Ñåëåíãèíñêèé ðàéîí,BUR
81650000,Òàðáàãàòàéñêèé ðàéîí,BUR
81651000,Òóíêèíñêèé ðàéîí,BUR
81657000,Õîðèíñêèé ðàéîí,BUR
81701000,ãîðîä Óëàí-Óäý,BUR
81720000,Ñåâåðîáàéêàëüñê,BUR
82601000,Àãóëüñêèé ðàéîí,DAG
82603000,Àêóøèíñêèé ðàéîí,DAG
82605000,Àõâàõñêèé ðàéîí,DAG
82606000,Àõòûíñêèé ðàéîí,DAG
82607000,Áàáàþðòîâñêèé ðàéîí,DAG
82609000,Áîòëèõñêèé ðàéîí,DAG
82611000,Áóéíàêñêèé ðàéîí,DAG
82613000,Ãåðãåáèëüñêèé ðàéîí,DAG
82615000,Ãóìáåòîâñêèé ðàéîí,DAG
82616000,Ãóíèáñêèé ðàéîí,DAG
82618000,Äàõàäàåâñêèé ðàéîí,DAG
82620000,Äåðáåíòñêèé ðàéîí,DAG
82621000,Äîêóçïàðèíñêèé ðàéîí,DAG
82622000,Êàçáåêîâñêèé ðàéîí,DAG
82623000,Êàéòàãñêèé ðàéîí,DAG
82624000,Êàÿêåíòñêèé ðàéîí,DAG
82626000,Êèçèëþðòîâñêèé ðàéîí,DAG
82627000,Êèçëÿðñêèé ðàéîí,DAG
82629000,Êóëèíñêèé ðàéîí,DAG
82630000,Êóðàõñêèé ðàéîí,DAG
82632000,Ëàêñêèé ðàéîí,DAG
82634000,Ëåâàøèíñêèé ðàéîí,DAG
82635000,Êàðàáóäàõêåíòñêèé ðàéîí,DAG
82636000,Êóìòîðêàëèíñêèé ðàéîí,DAG
82637000,Ìàãàðàìêåíòñêèé ðàéîí,DAG
82639000,Íîâîëàêñêèé ðàéîí,DAG
82640000,Íîãàéñêèé ðàéîí,DAG
82642000,Ðóòóëüñêèé ðàéîí,DAG
82644000,Ñåðãîêàëèíñêèé ðàéîí,DAG
82646000,Øàìèëüñêèé ðàéîí,DAG
82647000,Ñóëåéìàí-Ñòàëüñêèé ðàéîí,DAG
82648000,Òàáàñàðàíñêèé ðàéîí,DAG
82649000,Òàðóìîâñêèé ðàéîí,DAG
82651000,Òëÿðàòèíñêèé ðàéîí,DAG
82653000,Óíöóêóëüñêèé ðàéîí,DAG
82654000,Õàñàâþðòîâñêèé ðàéîí,DAG
82655000,Õèâñêèé ðàéîí,DAG
82656000,Õóíçàõñêèé ðàéîí,DAG
82657000,Öóìàäèíñêèé ðàéîí,DAG
82658000,Öóíòèíñêèé ðàéîí,DAG
82659000,×àðîäèíñêèé ðàéîí,DAG
82701000,ãîðîäñêîé îêðóã Ìàõà÷êàëà,DAG
82705000,ãîðîäñêîé îêðóã Áóéíàêñê,DAG
82708000,ãîðîäñêîé îêðóã Äàãåñòàíñêèå Îãíè,DAG
82710000,ãîðîäñêîé îêðóã Äåðáåíò,DAG
82715000,ãîðîäñêîé îêðóã Èçáåðáàø,DAG
82720000,ãîðîäñêîé îêðóã Êàñïèéñê,DAG
82725000,ãîðîäñêîé îêðóã Êèçèëþðò,DAG
82730000,ãîðîäñêîé îêðóã Êèçëÿð,DAG
82735000,ãîðîäñêîé îêðóã Õàñàâþðò,DAG
82738000,ãîðîäñêîé îêðóã Þæíî-Ñóõîêóìñê,DAG
83610000,Áàêñàíñêèé ðàéîí,KBR
83615000,Çîëüñêèé ðàéîí,KBR
83618000,Ëåñêåíñêèé ðàéîí,KBR
83620000,Ìàéñêèé ðàéîí,KBR
83625000,Ïðîõëàäíåíñêèé ðàéîí,KBR
83630000,×åðåêñêèé ðàéîí,KBR
83635000,Òåðñêèé ðàéîí,KBR
83640000,Óðâàíñêèé ðàéîí,KBR
83645000,×åãåìñêèé ðàéîí,KBR
83648000,Ýëüáðóññêèé ðàéîí,KBR
83701000,Íàëü÷èê,KBR
83703000,Áàêñàí,KBR
83710000,Ïðîõëàäíûé,KBR
84610000,Êîø-Àãà÷ñêèé ðàéîí,ALR
84615000,Ìàéìèíñêèé ðàéîí,ALR
84620000,Îíãóäàéñêèé ðàéîí,ALR
84625000,Òóðî÷àêñêèé ðàéîí,ALR
84630000,Óëàãàíñêèé ðàéîí,ALR
84635000,Óñòü-Êàíñêèé ðàéîí,ALR
84640000,Óñòü-Êîêñèíñêèé ðàéîí,ALR
84643000,×åìàëüñêèé ðàéîí,ALR
84645000,×îéñêèé ðàéîí,ALR
84650000,Øåáàëèíñêèé ðàéîí,ALR
84701000,Ãîðíî-Àëòàéñê,ALR
85605000,Ãîðîäîâèêîâñêèé ðàéîí,KLM
85610000,Èêè-Áóðóëüñêèé ðàéîí,KLM
85615000,Ëàãàíñêèé ðàéîí,KLM
85620000,Ìàëîäåðáåòîâñêèé ðàéîí,KLM
85623000,Îêòÿáðüñêèé ðàéîí,KLM
85625000,Êåò÷åíåðîâñêèé ðàéîí,KLM
85628000,Ïðèþòíåíñêèé ðàéîí,KLM
85632000,Ñàðïèíñêèé ðàéîí,KLM
85637000,Öåëèííûé ðàéîí,KLM
85642000,×åðíîçåìåëüñêèé ðàéîí,KLM
85646000,Þñòèíñêèé ðàéîí,KLM
85650000,ßøàëòèíñêèé ðàéîí,KLM
85654000,ßøêóëüñêèé ðàéîí,KLM
85701000,Ýëèñòà,KLM
8603000,Àìóðñêèé ðàéîí,HAB
8606000,Àÿíî-Ìàéñêèé ðàéîí,HAB
8609000,Áèêèíñêèé ðàéîí,HAB
8612000,Âàíèíñêèé ðàéîí,HAB
8614000,Âåðõíåáóðåèíñêèé ðàéîí,HAB
8617000,Âÿçåìñêèé ðàéîí,HAB
8620000,Êîìñîìîëüñêèé ðàéîí,HAB
8624000,Èìåíè Ëàçî ðàéîí,HAB
8628000,Íàíàéñêèé ðàéîí,HAB
8631000,Íèêîëàåâñêèé ðàéîí,HAB
8634000,Îõîòñêèé ðàéîí,HAB
8637000,Èìåíè Ïîëèíû Îñèïåíêî ðàéîí,HAB
8642000,Ñîâåòñêî-Ãàâàíñêèé ðàéîí,HAB
8644000,Ñîëíå÷íûé ðàéîí,HAB
8646000,Òóãóðî-×óìèêàíñêèé ðàéîí,HAB
8650000,Óëü÷ñêèé ðàéîí,HAB
8655000,Õàáàðîâñêèé ðàéîí,HAB
86604000,Áåëîìîðñêèé ðàéîí,KAR
86609000,Êàëåâàëüñêèé ðàéîí,KAR
86610000,Ñîðòàâàëüñêèé ðàéîí,KAR
86612000,Êåìñêèé ðàéîí,KAR
86615000,Êîíäîïîæñêèé ðàéîí,KAR
86618000,Ëàõäåíïîõñêèé ðàéîí,KAR
86621000,Ëîóõñêèé ðàéîí,KAR
86624000,Ìåäâåæüåãîðñêèé ðàéîí,KAR
86627000,Ìóåçåðñêèé ðàéîí,KAR
86630000,Îëîíåöêèé ðàéîí,KAR
86633000,Ïèòêÿðàíòñêèé ðàéîí,KAR
86636000,Ïðèîíåæñêèé ðàéîí,KAR
86639000,Ïðÿæèíñêèé ðàéîí,KAR
86642000,Ïóäîæñêèé ðàéîí,KAR
86645000,Ñåãåæñêèé ðàéîí,KAR
86650000,Ñóîÿðâñêèé ðàéîí,KAR
86701000,Ïåòðîçàâîäñêèé ãîðîäñêîé îêðóã,KAR
86706000,Êîñòîìóêøñêèé ãîðîäñêîé îêðóã,KAR
8701000,Õàáàðîâñê,HAB
8709000,Êîìñîìîëüñê-íà-Àìóðå,HAB
87602000,ðàéîí Âóêòûë,KOM
87604000,Èæåìñêèé ðàéîí,KOM
87608000,Êíÿæïîãîñòñêèé ðàéîí,KOM
87612000,Êîéãîðîäñêèé ðàéîí,KOM
87616000,Êîðòêåðîññêèé ðàéîí,KOM
87620000,ðàéîí Ïå÷îðà,KOM
87624000,Ïðèëóçñêèé ðàéîí,KOM
87626000,ðàéîí Ñîñíîãîðñê,KOM
87628000,Ñûêòûâäèíñêèé ðàéîí,KOM
87632000,Ñûñîëüñêèé ðàéîí,KOM
87636000,Òðîèöêî-Ïå÷îðñêèé ðàéîí,KOM
87640000,Óäîðñêèé ðàéîí,KOM
87644000,Óñòü-Âûìñêèé ðàéîí,KOM
87648000,Óñòü-Êóëîìñêèé ðàéîí,KOM
87652000,Óñòü-Öèëåìñêèé ðàéîí,KOM
87701000,ãîðîäñêîé îêðóã Ñûêòûâêàð,KOM
87710000,ãîðîäñêîé îêðóã Âîðêóòà,KOM
87715000,ãîðîäñêîé îêðóã Èíòà,KOM
87723000,ãîðîäñêîé îêðóã Óñèíñê,KOM
87725000,ãîðîäñêîé îêðóã Óõòà,KOM
88604000,Âîëæñêèé ðàéîí,MAR
88608000,Ãîðíîìàðèéñêèé ðàéîí,MAR
88612000,Çâåíèãîâñêèé ðàéîí,MAR
88616000,Êèëåìàðñêèé ðàéîí,MAR
88620000,Êóæåíåðñêèé ðàéîí,MAR
88624000,Ìàðè-Òóðåêñêèé ðàéîí,MAR
88628000,Ìåäâåäåâñêèé ðàéîí,MAR
88632000,Ìîðêèíñêèé Ðàéîí,MAR
88636000,Íîâîòîðúÿëüñêèé ðàéîí,MAR
88640000,Îðøàíñêèé ðàéîí,MAR
88644000,Ïàðàíüãèíñêèé Ðàéîí,MAR
88648000,Ñåðíóðñêèé ðàéîí,MAR
88652000,Ñîâåòñêèé ðàéîí,MAR
88656000,Þðèíñêèé ðàéîí,MAR
88701000,Éîøêàð-Îëà,MAR
88705000,Âîëæñê,MAR
88715000,Êîçüìîäåìüÿíñê,MAR
89603000,Àðäàòîâñêèé ðàéîí,MOR
89605000,Àòþðüåâñêèé ðàéîí,MOR
89607000,Àòÿøåâñêèé ðàéîí,MOR
89610000,Áîëüøåáåðåçíèêîâñêèé ðàéîí,MOR
89613000,Áîëüøåèãíàòîâñêèé ðàéîí,MOR
89616000,Äóáåíñêèé ðàéîí,MOR
89618000,Åëüíèêîâñêèé ðàéîí,MOR
89621000,Çóáîâî-Ïîëÿíñêèé ðàéîí,MOR
89624000,Èíñàðñêèé ðàéîí,MOR
89626000,È÷àëêîâñêèé ðàéîí,MOR
89628000,Êàäîøêèíñêèé ðàéîí,MOR
89629000,Êîâûëêèíñêèé ðàéîí,MOR
89631000,Êî÷êóðîâñêèé ðàéîí,MOR
89634000,Êðàñíîñëîáîäñêèé ðàéîí,MOR
89637000,Ëÿìáèðñêèé ðàéîí,MOR
89640000,Ðîìîäàíîâñêèé ðàéîí,MOR
89643000,Ðóçàåâñêèé ðàéîí,MOR
89646000,Ñòàðîøàéãîâñêèé ðàéîí,MOR
89649000,Òåìíèêîâñêèé ðàéîí,MOR
89651000,Òåíüãóøåâñêèé ðàéîí,MOR
89654000,Òîðáååâñêèé ðàéîí,MOR
89657000,×àìçèíñêèé ðàéîí,MOR
89701000,ãîðîäñêîé îêðóã Ñàðàíñê,MOR
90605000,Àëàãèðñêèé ðàéîí,SOA
90610000,Àðäîíñêèé ðàéîí,SOA
90615000,Äèãîðñêèé ðàéîí,SOA
90620000,Èðàôñêèé ðàéîí,SOA
90625000,Êèðîâñêèé ðàéîí,SOA
90630000,Ìîçäîêñêèé ðàéîí,SOA
90635000,Ïðàâîáåðåæíûé ðàéîí,SOA
90640000,Ïðèãîðîäíûé ðàéîí,SOA
90701000,Âëàäèêàâêàç,SOA
91601000,Àáàçèíñêèé ðàéîí,KCR
91603000,Àäûãå-Õàáëüñêèé ðàéîí,KCR
91610000,Çåëåí÷óêñêèé ðàéîí,KCR
91615000,Êàðà÷àåâñêèé ðàéîí,KCR
91620000,Ìàëîêàðà÷àåâñêèé ðàéîí,KCR
91623000,Íîãàéñêèé ðàéîí,KCR
91625000,Ïðèêóáàíñêèé ðàéîí,KCR
91630000,Óðóïñêèé ðàéîí,KCR
91635000,Óñòü-Äæåãóòèíñêèé ðàéîí,KCR
91640000,Õàáåçñêèé ðàéîí,KCR
91701000,ãîðîäñêîé îêðóã ×åðêåññê,KCR
91705000,ãîðîäñêîé îêðóã Êàðà÷àåâñê,KCR
92601000,Àãðûçñêèé ðàéîí,TAT
92602000,Àçíàêàåâñêèé ðàéîí,TAT
92604000,Àêñóáàåâñêèé ðàéîí,TAT
92605000,Àêòàíûøñêèé ðàéîí,TAT
92606000,Àëåêñååâñêèé ðàéîí,TAT
92607000,Àëüêååâñêèé ðàéîí,TAT
92608000,Àëüìåòüåâñêèé ðàéîí,TAT
92610000,Àïàñòîâñêèé ðàéîí,TAT
92612000,Àðñêèé ðàéîí,TAT
92613000,Àòíèíñêèé ðàéîí,TAT
92614000,Áàâëèíñêèé ðàéîí,TAT
92615000,Áàëòàñèíñêèé ðàéîí,TAT
92617000,Áóãóëüìèíñêèé ðàéîí,TAT
92618000,Áóèíñêèé ðàéîí,TAT
92620000,Âåðõíåóñëîíñêèé ðàéîí,TAT
92622000,Âûñîêîãîðñêèé ðàéîí,TAT
92624000,Äðîææàíîâñêèé ðàéîí,TAT
92626000,Åëàáóæñêèé ðàéîí,TAT
92627000,Çàèíñêèé ðàéîí,TAT
92628000,Çåëåíîäîëüñêèé ðàéîí,TAT
92629000,Êàéáèöêèé ðàéîí,TAT
92630000,Êàìñêî-Óñòüèíñêèé ðàéîí,TAT
92632000,Ñïàññêèé ðàéîí,TAT
92633000,Êóêìîðñêèé ðàéîí,TAT
92634000,Ëàèøåâñêèé ðàéîí,TAT
92636000,Ëåíèíîãîðñêèé ðàéîí,TAT
92638000,Ìàìàäûøñêèé ðàéîí,TAT
92639000,Ìåíäåëååâñêèé ðàéîí,TAT
92640000,Ìåíçåëèíñêèé ðàéîí,TAT
92642000,Ìóñëþìîâñêèé ðàéîí,TAT
92644000,Íèæíåêàìñêèé ðàéîí,TAT
92645000,Íîâîøåøìèíñêèé ðàéîí,TAT
92646000,Íóðëàòñêèé ðàéîí,TAT
92648000,Ïåñòðå÷èíñêèé ðàéîí,TAT
92650000,Ðûáíî-Ñëîáîäñêèé ðàéîí,TAT
92652000,Ñàáèíñêèé ðàéîí,TAT
92653000,Ñàðìàíîâñêèé ðàéîí,TAT
92654000,Þòàçèíñêèé ðàéîí,TAT
92655000,Òåòþøñêèé ðàéîí,TAT
92656000,Òþëÿ÷èíñêèé ðàéîí,TAT
92657000,Òóêàåâñêèé ðàéîí,TAT
92658000,×åðåìøàíñêèé ðàéîí,TAT
92659000,×èñòîïîëüñêèé ðàéîí,TAT
92701000,Êàçàíü,TAT
92730000,Íàáåðåæíûå ×åëíû,TAT
93605000,Áàé-Òàéãèíñêèé êîæóóí,TUV
93610000,Áàðóí-Õåì÷èêñêèé êîæóóí,TUV
93615000,Äçóí-Õåì÷èêñêèé êîæóóí,TUV
93620000,Êàà-Õåìñêèé êîæóóí,TUV
93622000,Êûçûëñêèé ðàéîí,TUV
93625000,Ìîíãóí-Òàéãèíñêèé êîæóóí,TUV
93630000,Îâþðñêèé êîæóóí,TUV
93635000,Ïèé-Õåìñêèé êîæóóí,TUV
93638000,Ñóò-Õîëüñêèé êîæóóí,TUV
93640000,Òàíäèíñêèé êîæóóí,TUV
93643000,Òåðå-Õîëüñêèé êîæóóí,TUV
93645000,Òåñ-Õåìñêèé êîæóóí,TUV
93650000,Òîäæèíñêèé êîæóóí,TUV
93654000,Óëóã-Õåìñêèé êîæóóí,TUV
93656000,×àà-Õîëüñêèé êîæóóí,TUV
93657000,×åäè-Õîëüñêèé êîæóóí,TUV
93658000,Ýðçèíñêèé êîæóóí,TUV
93701000,Êûçûë,TUV
93703000,Àê-Äîâóðàê,TUV
94602000,Àëíàøñêèé ðàéîí,UDM
94604000,Áàëåçèíñêèé ðàéîí,UDM
94606000,Âàâîæñêèé ðàéîí,UDM
94608000,Âîòêèíñêèé ðàéîí,UDM
94610000,Ãëàçîâñêèé ðàéîí,UDM
94612000,Ãðàõîâñêèé ðàéîí,UDM
94614000,Äåá¸ññêèé ðàéîí,UDM
94616000,Çàâüÿëîâñêèé ðàéîí,UDM
94618000,Èãðèíñêèé ðàéîí,UDM
94620000,Êàìáàðñêèé ðàéîí,UDM
94622000,Êàðàêóëèíñêèé ðàéîí,UDM
94624000,Êåçñêèé ðàéîí,UDM
94626000,Êèçíåðñêèé ðàéîí,UDM
94628000,Êèÿñîâñêèé ðàéîí,UDM
94630000,Êðàñíîãîðñêèé ðàéîí,UDM
94633000,Ìàëîïóðãèíñêèé ðàéîí,UDM
94635000,Ìîæãèíñêèé ðàéîí,UDM
94637000,Ñàðàïóëüñêèé ðàéîí,UDM
94639000,Ñåëòèíñêèé ðàéîí,UDM
94641000,Ñþìñèíñêèé ðàéîí,UDM
94644000,Óâèíñêèé ðàéîí,UDM
94646000,Øàðêàíñêèé ðàéîí,UDM
94648000,Þêàìåíñêèé ðàéîí,UDM
94650000,ßêøóð-Áîäüèíñêèé ðàéîí,UDM
94652000,ßðñêèé ðàéîí,UDM
94701000,Èæåâñê,UDM
94710000,ãîðîä Âîòêèíñê,UDM
94720000,Ãëàçîâ,UDM
94730000,Ìîæãà,UDM
94740000,Ñàðàïóë,UDM
95605000,Àëòàéñêèé ðàéîí,HAK
95608000,Àñêèçñêèé ðàéîí,HAK
95612000,Áåéñêèé ðàéîí,HAK
95615000,Áîãðàäñêèé ðàéîí,HAK
95620000,Îðäæîíèêèäçåâñêèé ðàéîí,HAK
95625000,Òàøòûïñêèé ðàéîí,HAK
95630000,Óñòü-Àáàêàíñêèé ðàéîí,HAK
95635000,Øèðèíñêèé ðàéîí,HAK
95701000,Àáàêàí,HAK
95702000,Àáàçà,HAK
95708000,Ñàÿíîãîðñê,HAK
95709000,Ñîðñê,HAK
95715000,×åðíîãîðñê,HAK
96602000,À÷õîé-Ìàðòàíîâñêèé ðàéîí,CHR
96604000,Âåäåíñêèé ðàéîí,CHR
96607000,Ãðîçíåíñêèé ðàéîí,CHR
96610000,Ãóäåðìåññêèé ðàéîí,CHR
96611000,Èòóì-Êàëèíñêèé ðàéîí,CHR
96612000,Êóð÷àëîåâñêèé ðàéîí,CHR
96616000,Íàäòåðå÷íûé ðàéîí,CHR
96622000,Íàóðñêèé ðàéîí,CHR
96625000,Íîæàé-Þðòîâñêèé ðàéîí,CHR
96628000,Øàòîéñêèé ðàéîí,CHR
96631000,Ñóíæåíñêèé ðàéîí,CHR
96634000,Óðóñ-Ìàðòàíîâñêèé ðàéîí,CHR
96637000,Øàëèíñêèé ðàéîí,CHR
96640000,Øåëêîâñêîé ðàéîí,CHR
96691000,Øàðîéñêèé ðàéîí,CHR
96701000,Ãðîçíåíñêèé ãîðîäñêîé îêðóã,CHR
96702000,Àðãóíñêèé ãîðîäñêîé îêðóã,CHR
96704000,Ãóäåðìåññêèé ãîðîäñêîé îêðóã,CHR
97603000,Àëàòûðñêèé ðàéîí,CHV
97605000,Àëèêîâñêèé ðàéîí,CHV
97607000,Áàòûðåâñêèé ðàéîí,CHV
97610000,Âóðíàðñêèé ðàéîí,CHV
97613000,Èáðåñèíñêèé ðàéîí,CHV
97616000,Êàíàøñêèé ðàéîí,CHV
97619000,Êîçëîâñêèé ðàéîí,CHV
97621000,Êîìñîìîëüñêèé ðàéîí,CHV
97624000,Êðàñíîàðìåéñêèé ðàéîí,CHV
97626000,Êðàñíî÷åòàéñêèé ðàéîí,CHV
97629000,Ìàðèèíñêî-Ïîñàäñêèé ðàéîí,CHV
97632000,Ìîðãàóøñêèé ðàéîí,CHV
97635000,Ïîðåöêèé ðàéîí,CHV
97638000,Óðìàðñêèé ðàéîí,CHV
97641000,Öèâèëüñêèé ðàéîí,CHV
97644000,×åáîêñàðñêèé ðàéîí,CHV
97647000,Øåìóðøèíñêèé ðàéîí,CHV
97650000,Øóìåðëèíñêèé ðàéîí,CHV
97653000,ßäðèíñêèé ðàéîí,CHV
97655000,ßëü÷èêñêèé ðàéîí,CHV
97658000,ßíòèêîâñêèé ðàéîí,CHV
97701000,ãîðîä ×åáîêñàðû,CHV
97704000,Ãîðîä Àëàòûðü,CHV
97707000,ãîðîä Êàíàø,CHV
97710000,ãîðîä Íîâî÷åáîêñàðñê,CHV
97713000,ãîðîä Øóìåðëÿ,CHV
98601000,Àáûéñêèé óëóñ,SAH
98603000,Àëäàíñêèé óëóñ,SAH
98604000,Òàòòèíñêèé óëóñ,SAH
98606000,Àëëàèõîâñêèé óëóñ,SAH
98608000,Àìãèíñêèé óëóñ,SAH
98610000,Àíàáàðñêèé óëóñ,SAH
98612000,Áóëóíñêèé óëóñ,SAH
98614000,Âåðõíåâèëþéñêèé óëóñ,SAH
98615000,Âåðõíåêîëûìñêèé óëóñ,SAH
98616000,Âåðõîÿíñêèé óëóñ,SAH
98618000,Âèëþéñêèé óëóñ,SAH
98620000,Ãîðíûé óëóñ,SAH
98622000,Æèãàíñêèé óëóñ,SAH
98624000,Êîáÿéñêèé óëóñ,SAH
98626000,Íþðáèíñêèé óëóñ,SAH
98627000,Ëåíñêèé óëóñ,SAH
98629000,Ìåãèíî-Êàíãàëàññêèé óëóñ,SAH
98631000,Ìèðíèíñêèé óëóñ,SAH
98633000,Ìîìñêèé óëóñ,SAH
98635000,Íàìñêèé óëóñ,SAH
98637000,Íèæíåêîëûìñêèé óëóñ,SAH
98639000,Îéìÿêîíñêèé óëóñ,SAH
98641000,Îë¸êìèíñêèé óëóñ,SAH
98642000,Îëåí¸êñêèé óëóñ,SAH
98644000,Õàíãàëàññêèé óëóñ,SAH
98646000,Ñðåäíåêîëûìñêèé óëóñ,SAH
98648000,Ñóíòàðñêèé óëóñ,SAH
98650000,Òîìïîíñêèé óëóñ,SAH
98652000,Óñòü-Àëäàíñêèé óëóñ,SAH
98654000,Óñòü-Ìàéñêèé óëóñ,SAH
98656000,Óñòü-ßíñêèé óëóñ,SAH
98658000,×óðàï÷èíñêèé óëóñ,SAH
98659000,Ýâåíî-Áûòàíòàéñêèé íàöèîíàëüíûé óëóñ,SAH
98660000,Íåðþíãðèíñêèé óëóñ,SAH
98701000,ßêóòñê,SAH
98702000,Æàòàé,SAH
99605000,Áèðîáèäæàíñêèé ðàéîí,EVR
99610000,Ëåíèíñêèé ðàéîí,EVR
99620000,Îáëó÷åíñêèé ðàéîí,EVR
99625000,Îêòÿáðüñêèé ðàéîí,EVR
99630000,Ñìèäîâè÷ñêèé ðàéîí,EVR
99701000,ãîðîäñêîé îêðóã Áèðîáèäæàí,EVR
40301000,Êîëîìíà,SPB
40302000,Ñåííîé îêðóã,SPB
40303000,Àäìèðàëòåéñêèé îêðóã,SPB
40304000,Ñåì¸íîâñêèé,SPB
40306000,Ìóíèöèïàëüíûé îêðóã ¹ 6,SPB
40307000,Ìóíèöèïàëüíûé îêðóã ¹ 7,SPB
40308000,Âàñèëüåâñêèé,SPB
40309000,Ãàâàíü,SPB
40310000,Ìîðñêîé,SPB
40311000,Îñòðîâ Äåêàáðèñòîâ,SPB
40312000,Ëåâàøîâî,SPB
40313000,Ïàðãîëîâî,SPB
40314000,Ñàìïñîíèåâñêîå,SPB
40315000,Ñâåòëàíîâñêîå,SPB
40316000,Ñîñíîâñêîå,SPB
40317000,Ìóíèöèïàëüíûé îêðóã ¹ 15,SPB
40318000,Ïàðíàñ,SPB
40319000,Øóâàëîâî-Îçåðêè,SPB
40320000,Ëèñèé Íîñ,SPB
40321000,Ëàõòà-Îëüãèíî,SPB
40322000,Ìóíèöèïàëüíûé îêðóã ¹ 65,SPB
40323000,×¸ðíàÿ ðå÷êà,SPB
40324000,Êîìåíäàíòñêèé àýðîäðîì,SPB
40325000,Îçåðî Äîëãîå,SPB
40326000,Þíòîëîâî,SPB
40327000,Êîëîìÿãè,SPB
40328000,Ãðàæäàíêà,SPB
40329000,Àêàäåìè÷åñêîå,SPB
40330000,Ôèíëÿíäñêèé îêðóã,SPB
40331000,Ìóíèöèïàëüíûé îêðóã ¹ 21,SPB
40332000,Ïèñêàð¸âêà,SPB
40333000,Ñåâåðíûé,SPB
40334000,Ïðîìåòåé,SPB
40335000,Ìóíèöèïàëüíûé îêðóã ¹ 25,SPB
40336000,Ìóíèöèïàëüíûé îêðóã Óëüÿíêà,SPB
40337000,Äà÷íîå,SPB
40338000,Àâòîâî,SPB
40340000,Êðàñíåíüêàÿ ðå÷êà,SPB
40341000,Ìîðñêèå âîðîòà,SPB
40342000,Êîëïèíî,SPB
40343000,Ìåòàëëîñòðîé,SPB
40344000,Ïåòðî-Ñëàâÿíêà,SPB
40345000,Ïîíòîííûé,SPB
40346000,Ñàï¸ðíûé,SPB
40347000,Óñòü-Èæîðà,SPB
40348000,Ïîëþñòðîâî,SPB
40349000,Áîëüøàÿ Îõòà,SPB
40350000,Ìàëàÿ Îõòà,SPB
40351000,Ïîðîõîâûå,SPB
40352000,Ðæåâêà,SPB
40353000,Êðàñíîå Ñåëî,SPB
40354000,Þãî-Çàïàä,SPB
40355000,Þæíî-Ïðèìîðñêèé,SPB
40356000,Ñîñíîâàÿ ïîëÿíà,SPB
40357000,Óðèöê,SPB
40358000,Êîíñòàíòèíîâñêîå,SPB
40359000,Ãîðåëîâî,SPB
40360000,Êðîíøòàäò,SPB
40361000,Çåëåíîãîðñê,SPB
40362000,Ñåñòðîðåöê,SPB
40363000,Áåëîîñòðîâ,SPB
40364000,Êîìàðîâî,SPB
40365000,Ìîëîä¸æíîå,SPB
40366000,Ïåñî÷íûé,SPB
40367000,Ðåïèíî,SPB
40368000,Ñåðîâî,SPB
40369000,Ñìîëÿ÷êîâî,SPB
40370000,Ñîëíå÷íîå,SPB
40371000,Óøêîâî,SPB
40372000,Ëîìîíîñîâ,SPB
40373000,Ìîñêîâñêàÿ çàñòàâà,SPB
40374000,Ãàãàðèíñêîå,SPB
40375000,Íîâîèçìàéëîâñêîå,SPB
40376000,Ïóëêîâñêèé ìåðèäèàí,SPB
40377000,Çâ¸çäíîå,SPB
40378000,Íåâñêàÿ çàñòàâà,SPB
40379000,Èâàíîâñêèé,SPB
40380000,Îáóõîâñêèé,SPB
40381000,Ðûáàöêîå,SPB
40382000,Ìóíèöèïàëüíûé îêðóã ¹ 53,SPB
40383000,Ìóíèöèïàëüíûé îêðóã ¹ 54,SPB
40384000,Íåâñêèé îêðóã,SPB
40385000,Îêêåðâèëü,SPB
40386000,Ïðàâîáåðåæíûé,SPB
40387000,Ïàâëîâñê,SPB
40388000,Òÿðëåâî,SPB
40389000,Ââåäåíñêèé,SPB
40390000,Êðîíâåðêñêîå,SPB
40391000,Ïîñàäñêèé,SPB
40392000,Àïòåêàðñêèé îñòðîâ,SPB
40395000,Ïåòåðãîô,SPB
40396000,Ñòðåëüíà,SPB
40397000,Ïóøêèí,SPB
40398000,Àëåêñàíäðîâñêàÿ,SPB
40901000,Øóøàðû,SPB
40902000,Âîëêîâñêîå,SPB
40903000,Ìóíèöèïàëüíûé îêðóã ¹ 72,SPB
40904000,Êóï÷èíî,SPB
40905000,Ãåîðãèåâñêèé,SPB
40906000,Ìóíèöèïàëüíûé îêðóã ¹ 75,SPB
40907000,Áàëêàíñêèé,SPB
40908000,Äâîðöîâûé îêðóã,SPB
40909000,Ìóíèöèïàëüíûé îêðóã ¹ 78,SPB
40910000,Ëèòåéíûé îêðóã,SPB
40911000,Ñìîëüíèíñêîå,SPB
40912000,Ëèãîâêà-ßìñêàÿ,SPB
40913000,Âëàäèìèðñêèé îêðóã,SPB
45301000,ðàéîí Áîãîðîäñêîå,MOS
45302000,ðàéîí Âåøíÿêè,MOS
45303000,ðàéîí Âîñòî÷íîå Èçìàéëîâî,MOS
45304000,ðàéîí Âîñòî÷íûé,MOS
45305000,ðàéîí Ãîëüÿíîâî,MOS
45306000,ðàéîí Èâàíîâñêîå,MOS
45307000,ðàéîí Èçìàéëîâî,MOS
45308000,ðàéîí Êîñèíî-Óõòîìñêèé,MOS
45309000,ðàéîí Íîâîãèðååâî,MOS
45310000,ðàéîí Íîâîêîñèíî,MOS
45311000,ðàéîí Ìåòðîãîðîäîê,MOS
45312000,ðàéîí Ïåðîâî,MOS
45313000,ðàéîí Ñåâåðíîå Èçìàéëîâî,MOS
45314000,ðàéîí Ñîêîëèíàÿ Ãîðà,MOS
45315000,ðàéîí Ñîêîëüíèêè,MOS
45316000,ðàéîí Ïðåîáðàæåíñêîå,MOS
45317000,ðàéîí Âíóêîâî,MOS
45318000,ðàéîí Äîðîãîìèëîâî,MOS
45319000,ðàéîí Êðûëàòñêîå,MOS
45320000,ðàéîí Êóíöåâî,MOS
45321000,Ìîæàéñêèé ðàéîí,MOS
45322000,ðàéîí Íîâî-Ïåðåäåëêèíî,MOS
45323000,ðàéîí Î÷àêîâî-Ìàòâååâñêîå,MOS
45324000,ðàéîí Ïðîñïåêò Âåðíàäñêîãî,MOS
45325000,ðàéîí Ðàìåíêè,MOS
45326000,ðàéîí Ñîëíöåâî,MOS
45327000,ðàéîí Òðîïàð¸âî-Íèêóëèíî,MOS
45328000,ðàéîí Ôèë¸âñêèé Ïàðê,MOS
45329000,ðàéîí Ôèëè-Äàâûäêîâî,MOS
45330000,ðàéîí Êðþêîâî,MOS
45331000,ðàéîí Ìàòóøêèíî,MOS
45332000,ðàéîí Ñèëèíî,MOS
45333000,ðàéîí Àýðîïîðò,MOS
45334000,ðàéîí Áåãîâîé,MOS
45335000,Áåñêóäíèêîâñêèé ðàéîí,MOS
45336000,Âîéêîâñêèé ðàéîí,MOS
45337000,ðàéîí Âîñòî÷íîå Äåãóíèíî,MOS
45338000,Ãîëîâèíñêèé ðàéîí,MOS
45339000,Äìèòðîâñêèé ðàéîí,MOS
45340000,ðàéîí Çàïàäíîå Äåãóíèíî,MOS
45341000,ðàéîí Êîïòåâî,MOS
45342000,ðàéîí Ëåâîáåðåæíûé,MOS
45343000,Ìîëæàíèíîâñêèé ðàéîí,MOS
45344000,Ñàâ¸ëîâñêèé ðàéîí,MOS
45345000,ðàéîí Ñîêîë,MOS
45346000,Òèìèðÿçåâñêèé ðàéîí,MOS
45347000,ðàéîí Õîâðèíî,MOS
45348000,Õîðîø¸âñêèé ðàéîí,MOS
45349000,Àëåêñååâñêèé ðàéîí,MOS
45350000,Àëòóôüåâñêèé ðàéîí,MOS
45351000,Áàáóøêèíñêèé ðàéîí,MOS
45352000,ðàéîí Áèáèðåâî,MOS
45353000,Áóòûðñêèé ðàéîí,MOS
45354000,ðàéîí Ëèàíîçîâî,MOS
45355000,Ëîñèíîîñòðîâñêèé ðàéîí,MOS
45356000,ðàéîí Ìàðôèíî,MOS
45357000,ðàéîí Ìàðüèíà Ðîùà,MOS
45358000,Îñòàíêèíñêèé ðàéîí,MOS
45359000,ðàéîí Îòðàäíîå,MOS
45360000,ðàéîí Ðîñòîêèíî,MOS
45361000,ðàéîí Ñâèáëîâî,MOS
45362000,ðàéîí Ñåâåðíîå Ìåäâåäêîâî,MOS
45363000,ðàéîí Ñåâåðíûé,MOS
45364000,ðàéîí Þæíîå Ìåäâåäêîâî,MOS
45365000,ßðîñëàâñêèé ðàéîí,MOS
45366000,ðàéîí Êóðêèíî,MOS
45367000,ðàéîí Ìèòèíî,MOS
45368000,ðàéîí Ïîêðîâñêîå-Ñòðåøíåâî,MOS
45369000,ðàéîí Ñåâåðíîå Òóøèíî,MOS
45370000,ðàéîí Ñòðîãèíî,MOS
45371000,ðàéîí Õîðîø¸âî-Ìí¸âíèêè,MOS
45372000,ðàéîí Ùóêèíî,MOS
45373000,ðàéîí Þæíîå Òóøèíî,MOS
45374000,ðàéîí Àðáàò,MOS
45375000,Áàñìàííûé ðàéîí,MOS
45376000,ðàéîí Çàìîñêâîðå÷üå,MOS
45377000,ðàéîí Ñàâ¸ëêè,MOS
45378000,Êðàñíîñåëüñêèé ðàéîí,MOS
45379000,Ìåùàíñêèé ðàéîí,MOS
45380000,Ïðåñíåíñêèé ðàéîí,MOS
45381000,Òàãàíñêèé ðàéîí,MOS
45382000,Òâåðñêîé ðàéîí,MOS
45383000,ðàéîí Õàìîâíèêè,MOS
45384000,ðàéîí ßêèìàíêà,MOS
45385000,ðàéîí Âûõèíî-Æóëåáèíî,MOS
45386000,ðàéîí Êàïîòíÿ,MOS
45387000,ðàéîí Êóçüìèíêè,MOS
45388000,ðàéîí Ëåôîðòîâî,MOS
45389000,ðàéîí Ëþáëèíî,MOS
45390000,ðàéîí Ìàðüèíî,MOS
45391000,ðàéîí Íåêðàñîâêà,MOS
45392000,Íèæåãîðîäñêèé ðàéîí,MOS
45393000,ðàéîí Ïå÷àòíèêè,MOS
45394000,Ðÿçàíñêèé ðàéîí,MOS
45395000,ðàéîí Òåêñòèëüùèêè,MOS
45396000,Þæíîïîðòîâûé ðàéîí,MOS
45397000,Àêàäåìè÷åñêèé ðàéîí,MOS
45398000,Ãàãàðèíñêèé ðàéîí,MOS
45901000,ðàéîí Çþçèíî,MOS
45902000,ðàéîí Êîíüêîâî,MOS
45903000,ðàéîí Êîòëîâêà,MOS
45904000,Ëîìîíîñîâñêèé ðàéîí,MOS
45905000,Îáðó÷åâñêèé ðàéîí,MOS
45906000,ðàéîí Ñåâåðíîå Áóòîâî,MOS
45907000,ðàéîí Ò¸ïëûé Ñòàí,MOS
45908000,ðàéîí ×åð¸ìóøêè,MOS
45909000,ðàéîí Þæíîå Áóòîâî,MOS
45910000,ðàéîí ßñåíåâî,MOS
45911000,ðàéîí Áèðþë¸âî Âîñòî÷íîå,MOS
45912000,ðàéîí Áèðþë¸âî Çàïàäíîå,MOS
45913000,ðàéîí Áðàòååâî,MOS
45914000,Äàíèëîâñêèé ðàéîí,MOS
45915000,Äîíñêîé ðàéîí,MOS
45916000,ðàéîí Çÿáëèêîâî,MOS
45917000,ðàéîí Ìîñêâîðå÷üå-Ñàáóðîâî,MOS
45918000,ðàéîí Íàãàòèíî-Ñàäîâíèêè,MOS
45919000,ðàéîí Íàãàòèíñêèé Çàòîí,MOS
45920000,Íàãîðíûé ðàéîí,MOS
45921000,ðàéîí Îðåõîâî-Áîðèñîâî Ñåâåðíîå,MOS
45922000,ðàéîí Îðåõîâî-Áîðèñîâî Þæíîå,MOS
45923000,ðàéîí Öàðèöûíî,MOS
45924000,ðàéîí ×åðòàíîâî Ñåâåðíîå,MOS
45925000,ðàéîí ×åðòàíîâî Öåíòðàëüíîå,MOS
45926000,ðàéîí ×åðòàíîâî Þæíîå,MOS
45927000,ðàéîí Ñòàðîå Êðþêîâî,MOS
